server_name,catalog,dataset_name,type,server_location,tds_path,tds_id,parent_catalog,mount_path,writeable
tds-model01-dev.ncei.noaa.gov,model/cbofs_catalog.xml,CBOFS Models,datasetScan,/modeldata3/published/operational-nowcast-and-forecast-hydrodynamic-model-systems-co-ops/access/chesapeake-bay-operational-forecast-system-cbofs,model-cbofs-files,CBOFS/MODELS,model/model.xml,10.254.11.33:/export/opsnas102-data2,False
tds-model01-dev.ncei.noaa.gov,model/cfs.xml,CFS File Access in Raw Directory Structure,datasetScan,/modeldata,model-cfs-allfiles,model-cfs-allfiles,model/model.xml,10.254.11.32:/export/Data,False
tds-model01-dev.ncei.noaa.gov,model/cfs.xml,Time Series,datasetScan,/modeldata3/model/cfsr,model-cfs_reanl_ts,cfs_reanl_ts,model/model.xml,10.254.11.33:/export/opsnas102-data2,False
tds-model01-dev.ncei.noaa.gov,model/cfs.xml,Monthly Means,datasetScan,Path does not exist on server: /mnt/modeldata4/model/cfsrmon,model-cfs_reanl_mm,cfs_reanl_mm,model/model.xml,,False
tds-model01-dev.ncei.noaa.gov,model/cfs.xml,"3-D Diabatic Heating Data (DIAB), 6-hour",datasetScan,/modeldata2/cmd_diabf,model-cfs_reanl_6h_diab,cfs_reanl_6h_diab,model/model.xml,10.254.11.33:/export/opsnas102-data1,False
tds-model01-dev.ncei.noaa.gov,model/cfs.xml,"Surface and Radiative Fluxes (FLX), 6-hour",datasetScan,/modeldata2/cmd_flxf,model-cfs_reanl_6h_flxf,cfs_reanl_6h_flxf,model/model.xml,10.254.11.33:/export/opsnas102-data1,False
tds-model01-dev.ncei.noaa.gov,model/cfs.xml,"Low Resolution Data, 6-hour",datasetScan,/modeldata2/cmd_grblow,model-cfs_reanl_6h_grblow,cfs_reanl_6h_grblow,model/model.xml,10.254.11.33:/export/opsnas102-data1,False
tds-model01-dev.ncei.noaa.gov,model/cfs.xml,"3-D Isentropic Level (IPV), 6-hour",datasetScan,/modeldata2/cmd_ipvh,model-cfs_reanl_6h_ipv,cfs_reanl_6h_ipv,model/model.xml,10.254.11.33:/export/opsnas102-data1,False
tds-model01-dev.ncei.noaa.gov,model/cfs.xml,"3-D Ocean (OCN), 6-hour",datasetScan,/modeldata2/cmd_ocnh,model-cfs_reanl_6h_ocnh,cfs_reanl_6h_ocnh,model/model.xml,10.254.11.33:/export/opsnas102-data1,False
tds-model01-dev.ncei.noaa.gov,model/cfs.xml,"3-D Pressure Level (PGB), 6-hour",datasetScan,/modeldata2/cmd_pgbh,model-cfs_reanl_6h_pgb,cfs_reanl_6h_pgb,model/model.xml,10.254.11.33:/export/opsnas102-data1,False
tds-model01-dev.ncei.noaa.gov,model/cfs.xml,Monthly Means of Daily Averages,datasetScan,/modeldata3/model/cfsr-rfl-mmda,model-cfs_refor_fl_mm_da,cfs_refor_fl_mm_da,model/model.xml,10.254.11.33:/export/opsnas102-data2,False
tds-model01-dev.ncei.noaa.gov,model/cfs.xml,Monthly Mean Time Series of Selected Variables,datasetScan,/modeldata3/model/cfsr-rfl-mmts,model-cfs_refor_fl_mm_ts,cfs_refor_fl_mm_ts,model/model.xml,10.254.11.33:/export/opsnas102-data2,False
tds-model01-dev.ncei.noaa.gov,model/cfs.xml,6-Hourly Time Series from 45-Day and Seasonal Runs,datasetScan,/modeldata3/model/cfsr-rfl-ts45,model-cfs_refor_fl_6h_seasonal,cfs_refor_fl_6h_seasonal,model/model.xml,10.254.11.33:/export/opsnas102-data2,False
tds-model01-dev.ncei.noaa.gov,model/cfs.xml,6-Hourly Time Series from 9-Month Runs,datasetScan,/modeldata3/model/cfsr-rfl-ts9,model-cfs_refor_fl_6h_9m,cfs_refor_fl_6h_9m,model/model.xml,10.254.11.33:/export/opsnas102-data2,False
tds-model01-dev.ncei.noaa.gov,model/cfs.xml,Monthly Means from 9-Month Runs,datasetScan,/modeldata2/cmd_mm_9mon,model-cfs_refor_hp_mm_9m,cfs_refor_hp_mm_9m,model/model.xml,10.254.11.33:/export/opsnas102-data1,False
tds-model01-dev.ncei.noaa.gov,model/cfs.xml,Monthly Means from seasonal Runs,datasetScan,/modeldata3/model/cfsr-hpr-mms,model-cfs_refor_hp_mm_se,cfs_refor_hp_mm_se,model/model.xml,10.254.11.33:/export/opsnas102-data2,False
tds-model01-dev.ncei.noaa.gov,model/cfs.xml,Time Series from 45-Day and Seasonal Runs,datasetScan,/modeldata3/model/cfsr-hpr-ts45,model-cfs_refor_hp_ts_seasonal,cfs_refor_hp_ts_seasonal,model/model.xml,10.254.11.33:/export/opsnas102-data2,False
tds-model01-dev.ncei.noaa.gov,model/cfs.xml,Time Series from 9-Month Runs,datasetScan,/modeldata2/cmd_ts_9mon,model-cfs_refor_hp_ts_9m,cfs_refor_hp_ts_9m,model/model.xml,10.254.11.33:/export/opsnas102-data1,False
tds-model01-dev.ncei.noaa.gov,model/cfs.xml,"Surface and Radiative Fluxes (FLX), 45 Day Run",datasetScan,Path does not exist on server: /modeldata/cfs_reforecast_6-hourly_45day_flxf,model-cfs_refor_6h_45d_flx,cfs_refor_6h_45d_flx,model/model.xml,,False
tds-model01-dev.ncei.noaa.gov,model/cfs.xml,"Pressure Level (PGB), 45 Day Run",datasetScan,Path does not exist on server: /modeldata/cfs_reforecast_6-hourly_45day_pgbf,model-cfs_refor_6h_45d_pgb,cfs_refor_6h_45d_pgb,model/model.xml,,False
tds-model01-dev.ncei.noaa.gov,model/cfs.xml,"Surface and Radiative Fluxes (FLX), 90 Day Run",datasetScan,/modeldata2/cfs_reforecast_6-hourly_90day_flxf,model-cfs_refor_6h_90d_flx,cfs_refor_6h_90d_flx,model/model.xml,10.254.11.33:/export/opsnas102-data1,False
tds-model01-dev.ncei.noaa.gov,model/cfs.xml,"Pressure Level (PGB), 90 Day Run",datasetScan,/modeldata2/cfs_reforecast_6-hourly_90day_pgbf,model-cfs_refor_6h_90d_pgb,cfs_refor_6h_90d_pgb,model/model.xml,10.254.11.33:/export/opsnas102-data1,False
tds-model01-dev.ncei.noaa.gov,model/cfs.xml,"Surface and Radiative Fluxes (FLX), 9 Month Run",datasetScan,Path does not exist on server: /modeldata/cfs_reforecast_6-hourly_9mon_flxf,model-cfs_refor_6h_9m_flx,cfs_refor_6h_9m_flx,model/model.xml,,False
tds-model01-dev.ncei.noaa.gov,model/cfs.xml,"Pressure Level (PGB), 9 Month Run",datasetScan,/modeldata/cfs_reforecast_6-hourly_9mon_pgbf,model-cfs_refor_6h_9m_pgb,cfs_refor_6h_9m_pgb,model/model.xml,10.254.11.32:/export/Data,False
tds-model01-dev.ncei.noaa.gov,model/cfs.xml,Ocean (OCNF) 1982-2010,datasetScan,/modeldata2/cfs_reforecast_calclim_mm_9mon_ocnf_1982-2010,model-cfs_refor_calclim_mm_9m_ocnf,cfs_refor_calclim_mm_9m_ocnf,model/model.xml,10.254.11.33:/export/opsnas102-data1,False
tds-model01-dev.ncei.noaa.gov,model/cfs.xml,Data By Pressure Level (PGBF) 1982-2010,datasetScan,/modeldata2/cfs_reforecast_calclim_mm_9mon_pgbf_1982-2010,model-cfs_refor_calclim_mm_9m_pgbf,cfs_refor_calclim_mm_9m_pgbf,model/model.xml,10.254.11.33:/export/opsnas102-data1,False
tds-model01-dev.ncei.noaa.gov,model/cfs.xml,Time Series,datasetScan,/modeldata/cfsv2_analysis_timeseries,model-cfs_v2_anl_ts,cfs_v2_anl_ts,model/model.xml,10.254.11.32:/export/Data,False
tds-model01-dev.ncei.noaa.gov,model/cfs.xml,"Energetics, Monthly",datasetScan,/modeldata/cfsv2_analysis_monthlymeans_egy,model-cfs_v2_anl_mm_egy,cfs_v2_anl_mm_egy,model/model.xml,10.254.11.32:/export/Data,False
tds-model01-dev.ncei.noaa.gov,model/cfs.xml,"Surface and Radiative Fluxes (FLX), Monthly",datasetScan,/modeldata/cfsv2_analysis_monthlymeans_flx,model-cfs_v2_anl_mm_flxf,cfs_v2_anl_mm_flxf,model/model.xml,10.254.11.32:/export/Data,False
tds-model01-dev.ncei.noaa.gov,model/cfs.xml,"Isentropic Level (IPV), Monthly",datasetScan,/modeldata/cfsv2_analysis_monthlymeans_ipv,model-cfs_v2_anl_mm_ipv,cfs_v2_anl_mm_ipv,model/model.xml,10.254.11.32:/export/Data,False
tds-model01-dev.ncei.noaa.gov,model/cfs.xml,"Ocean (OCN), Monthly",datasetScan,/modeldata/cfsv2_analysis_monthlymeans_ocn,model-cfs_v2_anl_mm_ocn,cfs_v2_anl_mm_ocn,model/model.xml,10.254.11.32:/export/Data,False
tds-model01-dev.ncei.noaa.gov,model/cfs.xml,"Pressure Level (PGB), Monthly",datasetScan,/modeldata/cfsv2_analysis_monthlymeans_pgb,model-cfs_v2_anl_mm_pgb,cfs_v2_anl_mm_pgb,model/model.xml,10.254.11.32:/export/Data,False
tds-model01-dev.ncei.noaa.gov,model/cfs.xml,"Surface and Radiative Fluxes (FLX), 6-hour",datasetScan,/modeldata2/cfsv2_analysis_flxf,model-cfs_v2_anl_6h_flxf,cfs_v2_anl_6h_flxf,model/model.xml,10.254.11.33:/export/opsnas102-data1,False
tds-model01-dev.ncei.noaa.gov,model/cfs.xml,"Low Resolution Data, 6-hour",datasetScan,/modeldata2/cfsv2_analysis_grblow,model-cfs_v2_anl_6h_grblow,cfs_v2_anl_6h_grblow,model/model.xml,10.254.11.33:/export/opsnas102-data1,False
tds-model01-dev.ncei.noaa.gov,model/cfs.xml,"3-D Isentropic Level (IPV), 6-hour",datasetScan,/modeldata2/cfsv2_analysis_ipvh,model-cfs_v2_anl_6h_ipv,cfs_v2_anl_6h_ipv,model/model.xml,10.254.11.33:/export/opsnas102-data1,False
tds-model01-dev.ncei.noaa.gov,model/cfs.xml,"3-D Ocean (OCN), 6-hour",datasetScan,/modeldata2/cfsv2_analysis_ocnh,model-cfs_v2_anl_6h_ocnh,cfs_v2_anl_6h_ocnh,model/model.xml,10.254.11.33:/export/opsnas102-data1,False
tds-model01-dev.ncei.noaa.gov,model/cfs.xml,"3-D Pressure Level (PGB), 6-hour",datasetScan,/modeldata2/cfsv2_analysis_pgbh,model-cfs_v2_anl_6h_pgb,cfs_v2_anl_6h_pgb,model/model.xml,10.254.11.33:/export/opsnas102-data1,False
tds-model01-dev.ncei.noaa.gov,model/cfs.xml,Time Series,datasetScan,/modeldata/cfsv2_forecast_ts_9mon,model-cfs_v2_for_ts,cfs_v2_for_ts,model/model.xml,10.254.11.32:/export/Data,False
tds-model01-dev.ncei.noaa.gov,model/cfs.xml,Monthly Means,datasetScan,/modeldata/cfsv2_forecast_mm_9mon,model-cfs_v2_for_mm,cfs_v2_for_mm,model/model.xml,10.254.11.32:/export/Data,False
tds-model01-dev.ncei.noaa.gov,model/cfs.xml,"Surface and Radiative Fluxes (FLX), 6-hour",datasetScan,/modeldata/cfsv2_forecast_6-hourly_9mon_flxf,model-cfs_v2_for_6h_flxf,cfs_v2_for_6h_flxf,model/model.xml,10.254.11.32:/export/Data,False
tds-model01-dev.ncei.noaa.gov,model/cfs.xml,"3-D Isentropic Level (IPV), 6-hour",datasetScan,/modeldata/cfsv2_forecast_6-hourly_9mon_ipvf,model-cfs_v2_for_6h_ipv,cfs_v2_for_6h_ipv,model/model.xml,10.254.11.32:/export/Data,False
tds-model01-dev.ncei.noaa.gov,model/cfs.xml,"3-D Ocean (OCN), 6-hour",datasetScan,/modeldata/cfsv2_forecast_6-hourly_9mon_ocnf,model-cfs_v2_for_6h_ocnh,cfs_v2_for_6h_ocnh,model/model.xml,10.254.11.32:/export/Data,False
tds-model01-dev.ncei.noaa.gov,model/cfs.xml,"3-D Pressure Level (PGB), 6-hour",datasetScan,/modeldata/cfsv2_forecast_6-hourly_9mon_pgbf,model-cfs_v2_for_6h_pgb,cfs_v2_for_6h_pgb,model/model.xml,10.254.11.32:/export/Data,False
tds-model01-dev.ncei.noaa.gov,model/ciofs_catalog.xml,CIOFS Models,datasetScan,/modeldata3/published/operational-nowcast-and-forecast-hydrodynamic-model-systems-co-ops/access/cook-inlet-operational-forecast-system-ciofs,model-ciofs-files,CIOFS/MODELS,model/model.xml,10.254.11.33:/export/opsnas102-data2,False
tds-model01-dev.ncei.noaa.gov,model/creofs_catalog.xml,CREOFS Models,datasetScan,/modeldata3/published/operational-nowcast-and-forecast-hydrodynamic-model-systems-co-ops/access/columbia-river-estuary-operational-forecast-system-creofs/,model-creofs-files,model-creofs-files,model/model.xml,10.254.11.33:/export/opsnas102-data2,False
tds-model01-dev.ncei.noaa.gov,model/dbofs_catalog.xml,DBOFS Models,datasetScan,/modeldata3/published/operational-nowcast-and-forecast-hydrodynamic-model-systems-co-ops/access/delaware-bay-operational-forecast-system-dbofs/,model-dbofs-files,DBOFS/MODELS,model/model.xml,10.254.11.33:/export/opsnas102-data2,False
tds-model01-dev.ncei.noaa.gov,model/gens.xml,"GEFS3 - Global Ensemble Forecast System 003 (1 degree longitude-latitude grid, 21 members)",datasetScan,/modeldata3/published/global-ensemble-forecast-system/access/1.0-degree-grid/,model-gefs-003,gefs003,model/model.xml,10.254.11.33:/export/opsnas102-data2,False
tds-model01-dev.ncei.noaa.gov,model/gens.xml,"GEFS2 - Global Ensemble Forecast System 002 (2.5 degree longitude-latitude grid, 21 members)",datasetScan,/modeldata3/published/global-ensemble-forecast-system/access/2.5-degree-grid/,model-gefs-002,gefs002,model/model.xml,10.254.11.33:/export/opsnas102-data2,False
tds-model01-dev.ncei.noaa.gov,model/gfs.xml,Global Forecast System - Grid 3 - file units,datasetScan,/modeldata3/published/global-forecast-system/access/grid-003-1.0-degree/forecast,model-gfs-003-files,gfs-g3-files,model/model.xml,10.254.11.33:/export/opsnas102-data2,False
tds-model01-dev.ncei.noaa.gov,model/gfs.xml,Global Forecast System - Grid 3 - historical file units,datasetScan,/san5102/nexus/gfs-avn,model-gfs-003-files-old,gfs-g3-files-old,model/model.xml,10.254.101.132:/mnt/HL2-P1/san5102,False
tds-model01-dev.ncei.noaa.gov,model/gfs.xml,Global Forecast System - Grid 4 - file units,datasetScan,/modeldata3/published/global-forecast-system/access/grid-004-0.5-degree/analysis,model-gfs-004-files,gfs-g4-files,model/model.xml,10.254.11.33:/export/opsnas102-data2,False
tds-model01-dev.ncei.noaa.gov,model/gfs.xml,Global Forecast System - Grid 4 - historical file units,datasetScan,/san5303/nexus/gfs4,model-gfs-004-files-old,gfs-g4-files-old,model/model.xml,10.254.101.132:/mnt/HL2-P2/san5303,False
tds-model01-dev.ncei.noaa.gov,model/gfs.xml,Global Forecast System Grid 3 Analysis Set - file units,datasetScan,/modeldata3/published/global-forecast-system/access/grid-003-1.0-degree/analysis,model-gfs-g3-anl-files,gfs-g3-anl-files,model/model.xml,10.254.11.33:/export/opsnas102-data2,False
tds-model01-dev.ncei.noaa.gov,model/gfs.xml,Global Forecast System Grid 3 Analysis Set - historical file units,datasetScan,/san5302/nexus/gfsanl,model-gfs-g3-anl-files-old,gfs-g3-anl-files-old,model/model.xml,10.254.101.132:/mnt/HL2-P1/san5302,False
tds-model01-dev.ncei.noaa.gov,model/gfs.xml,Global Forecast System Grid 4 Analysis Set - file units,datasetScan,/modeldata3/published/global-forecast-system/access/grid-004-0.5-degree/analysis,model-gfs-g4-anl-files,gfs-g4-anl-files,model/model.xml,10.254.11.33:/export/opsnas102-data2,False
tds-model01-dev.ncei.noaa.gov,model/gfs.xml,Global Forecast System Grid 4 Analysis Set - historical file units,datasetScan,/san5302/nexus/gfsanl,model-gfs-g4-anl-files-old,gfs-g4-anl-files-old,model/model.xml,10.254.101.132:/mnt/HL2-P1/san5302,False
tds-model01-dev.ncei.noaa.gov,model/gomofs_catalog.xml,GOMOFS Models,datasetScan,/modeldata3/published/operational-nowcast-and-forecast-hydrodynamic-model-systems-co-ops/access/gulf-of-maine-operational-forecast-system-gomofs,model-gomofs-files,GOMOFS/MODELS,model/model.xml,10.254.11.33:/export/opsnas102-data2,False
tds-model01-dev.ncei.noaa.gov,model/leofs_catalog.xml,LEOFS Models,datasetScan,/modeldata3/published/operational-nowcast-and-forecast-hydrodynamic-model-systems-co-ops/access/lake-erie-operational-forecast-system-leofs,model-leofs,NOAA/LEOFS/MODELS,model/model.xml,10.254.11.33:/export/opsnas102-data2,False
tds-model01-dev.ncei.noaa.gov,model/lhofs_catalog.xml,LHOFS Models,datasetScan,/modeldata3/published/operational-nowcast-and-forecast-hydrodynamic-model-systems-co-ops/access/lake-huron-operational-forecast-system-lhofs/,model-lhofs-files,LHOFS/MODELS,model/model.xml,10.254.11.33:/export/opsnas102-data2,False
tds-model01-dev.ncei.noaa.gov,model/lmhofs_catalog.xml,LMHOFS Models,datasetScan,/modeldata3/published/operational-nowcast-and-forecast-hydrodynamic-model-systems-co-ops/access/lake-michigan-and-huron-operational-forecast-system-lmhofs,model-lmhofs-files,LMHOFS/MODELS,model/model.xml,10.254.11.33:/export/opsnas102-data2,False
tds-model01-dev.ncei.noaa.gov,model/lmofs_catalog.xml,LMOFS Models,datasetScan,/modeldata3/published/operational-nowcast-and-forecast-hydrodynamic-model-systems-co-ops/access/lake-michigan-operational-forecast-system-lmofs/,model-lmofs-files,LMOFS/MODELS,model/model.xml,10.254.11.33:/export/opsnas102-data2,False
tds-model01-dev.ncei.noaa.gov,model/loofs_catalog.xml,LOOFS Models,datasetScan,/modeldata3/published/operational-nowcast-and-forecast-hydrodynamic-model-systems-co-ops/access/lake-ontario-operational-forecast-system-loofs,model-loofs-files,LOOFS/MODELS,model/model.xml,10.254.11.33:/export/opsnas102-data2,False
tds-model01-dev.ncei.noaa.gov,model/lsofs_catalog.xml,LSOFS Models,datasetScan,/modeldata3/published/operational-nowcast-and-forecast-hydrodynamic-model-systems-co-ops/access/lake-superior-operational-forecast-system-lsofs/,model-lsofs-files,LSOFS/MODELS,model/model.xml,10.254.11.33:/export/opsnas102-data2,False
tds-model01-dev.ncei.noaa.gov,model/model.xml,,,,,,catalog.xml,,
tds-model01-dev.ncei.noaa.gov,model/nam.xml,NAM218 - Near Real-Time,datasetScan,/modeldata3/published/north-american-mesoscale-model/access/forecast,model-nam218,,model/model.xml,10.254.11.33:/export/opsnas102-data2,False
tds-model01-dev.ncei.noaa.gov,model/nam.xml,NAM218 -  Historical,datasetScan,/san5303/nexus/nam,model-nam218-old,,model/model.xml,10.254.101.132:/mnt/HL2-P2/san5303,False
tds-model01-dev.ncei.noaa.gov,model/nam.xml,NAM Grid 218 - Analysis Only File Units,datasetScan,/modeldata3/published/north-american-mesoscale-model/access/analysis,model-namanl,,model/model.xml,10.254.11.33:/export/opsnas102-data2,False
tds-model01-dev.ncei.noaa.gov,model/nam.xml,"NAM Grid 218 - Analysis Only File Units, Historical",datasetScan,/san5302/nexus/namanl,model-namanl-old,,model/model.xml,10.254.101.132:/mnt/HL2-P1/san5302,False
tds-model01-dev.ncei.noaa.gov,model/narr.xml,NARR-A - 3 Hour - File Units,datasetScan,/san5102/nexus/narr,model-narr-a-files,,model/model.xml,10.254.101.132:/mnt/HL2-P1/san5102,False
tds-model01-dev.ncei.noaa.gov,model/narr.xml,NARR-A Monthly Means from Climate Diagnostics Center - File Units,datasetScan,/san5102/nexus/narrmon,model-narrmon-a-files,,model/model.xml,10.254.101.132:/mnt/HL2-P1/san5102,False
tds-model01-dev.ncei.noaa.gov,model/narr.xml,NARR-A Monthly Means by 3h Period from Climate Diagnostics Center - File Units,datasetScan,/san5102/nexus/narrmon,model-narrmonhr-a-files,,model/model.xml,10.254.101.132:/mnt/HL2-P1/san5102,False
tds-model01-dev.ncei.noaa.gov,model/narr.xml,NARR-B - 3 Hour - File Units,datasetScan,/san5102/nexus/narr,model-narr-b-files,,model/model.xml,10.254.101.132:/mnt/HL2-P1/san5102,False
tds-model01-dev.ncei.noaa.gov,model/narr.xml,NARR-B Monthly Means from Climate Diagnostics Center - File Units,datasetScan,/san5102/nexus/narrmon,model-narrmon-b-files,,model/model.xml,10.254.101.132:/mnt/HL2-P1/san5102,False
tds-model01-dev.ncei.noaa.gov,model/narr.xml,NARR-B Monthly Means by 3h Period from Climate Diagnostics Center - File Units,datasetScan,/san5102/nexus/narrmon,model-narrmonhr-b-files,,model/model.xml,10.254.101.132:/mnt/HL2-P1/san5102,False
tds-model01-dev.ncei.noaa.gov,model/ndfd.xml,NDFD - National Digital Forecast Database - File Access,datasetScan,/modeldata3/published/national-digital-forecast-database/access,model-ndfd-file,NDFD,model/model.xml,10.254.11.33:/export/opsnas102-data2,False
tds-model01-dev.ncei.noaa.gov,model/ndfd.xml,NDFD - National Digital Forecast Database - Historical File Access,datasetScan,/san5303/nexus/ndfd,model-ndfd-file-old,NDFD-OLD,model/model.xml,10.254.101.132:/mnt/HL2-P2/san5303,False
tds-model01-dev.ncei.noaa.gov,model/ndfd.xml,NDFD - File Access for Core NDFD (Center Code: KWBN) Data With Human-Readable Names,datasetScan,/modeldata3/published/national-digital-forecast-database/access,model-ndfd-file_kwbn,NDFD_kwbn,model/model.xml,10.254.11.33:/export/opsnas102-data2,False
tds-model01-dev.ncei.noaa.gov,model/ndfd.xml,NDFD - Historical File Access for Core NDFD (Center Code: KWBN) Data With Human-Readable Names,datasetScan,/san5303/nexus/ndfd,model-ndfd-file_kwbn-old,NDFD_kwbn-old,model/model.xml,10.254.101.132:/mnt/HL2-P2/san5303,False
tds-model01-dev.ncei.noaa.gov,model/ndfd.xml,NDFD - File Access for National Hurricane Center (Center Code: KNHC) Data With Human-Readable Names,datasetScan,/modeldata3/published/national-digital-forecast-database/access,model-ndfd-file_knhc,NDFD_knhc,model/model.xml,10.254.11.33:/export/opsnas102-data2,False
tds-model01-dev.ncei.noaa.gov,model/ndfd.xml,NDFD - Historical File Access for National Hurricane Center (Center Code: KNHC) Data With Human-Readable Names,datasetScan,/san5303/nexus/ndfd,model-ndfd-file_knhc-old,NDFD_knhc-old,model/model.xml,10.254.101.132:/mnt/HL2-P2/san5303,False
tds-model01-dev.ncei.noaa.gov,model/ndfd.xml,NDFD - File Access for Storm Prediction Center (Center Code: KWNS) Data With Human-Readable Names,datasetScan,/modeldata3/published/national-digital-forecast-database/access,model-ndfd-file_kwns,NDFD_kwns,model/model.xml,10.254.11.33:/export/opsnas102-data2,False
tds-model01-dev.ncei.noaa.gov,model/ndfd.xml,NDFD - Historical File Access for Storm Prediction Center (Center Code: KWNS) Data With Human-Readable Names,datasetScan,/san5303/nexus/ndfd,model-ndfd-file_kwns-old,NDFD_kwns-old,model/model.xml,10.254.101.132:/mnt/HL2-P2/san5303,False
tds-model01-dev.ncei.noaa.gov,model/ndfd.xml,NDFD - File Access for Climate Prediction Center (Center Code: KWNC) Data With Human-Readable Names,datasetScan,/modeldata3/published/national-digital-forecast-database/access,model-ndfd-file_kwnc,NDFD_kwnc,model/model.xml,10.254.11.33:/export/opsnas102-data2,False
tds-model01-dev.ncei.noaa.gov,model/ndfd.xml,NDFD - Historical File Access for Climate Prediction Center (Center Code: KWNC) Data With Human-Readable Names,datasetScan,/san5303/nexus/ndfd,model-ndfd-file_kwnc-old,NDFD_kwnc-old,model/model.xml,10.254.101.132:/mnt/HL2-P2/san5303,False
tds-model01-dev.ncei.noaa.gov,model/ndgd.xml,NDGD - National Digital Guidance Database (file listing),datasetScan,/modeldata3/published/national-digital-guidance-database/access,model-ndgd-file,NDGD,model/model.xml,10.254.11.33:/export/opsnas102-data2,False
tds-model01-dev.ncei.noaa.gov,model/ndgd.xml,"NDGD - National Digital Guidance Database (file listing, historical)",datasetScan,/san5303/nexus/ndgd,model-ndgd-file-old,NDGD-OLD,model/model.xml,10.254.101.132:/mnt/HL2-P2/san5303,False
tds-model01-dev.ncei.noaa.gov,model/ndgd.xml,NDGD - National Digital Guidance Database Core Files (Center Code: KWBR),datasetScan,/modeldata3/published/national-digital-guidance-database/access,model-ndgd-file_kwbr,NDGD_KWBR,model/model.xml,10.254.11.33:/export/opsnas102-data2,False
tds-model01-dev.ncei.noaa.gov,model/ndgd.xml,"NDGD - National Digital Guidance Database Core Files, Historical (Center Code: KWBR)",datasetScan,/san5303/nexus/ndgd,model-ndgd-file_kwbr-old,NDGD_KWBR-old,model/model.xml,10.254.101.132:/mnt/HL2-P2/san5303,False
tds-model01-dev.ncei.noaa.gov,model/ndgd.xml,NDGD - National Digital Guidance Database Air Quality (Center Code: KWBP),datasetScan,/modeldata3/published/national-digital-guidance-database/access,model-ndgd-file_kwbp,NDGD_KWBP,model/model.xml,10.254.11.33:/export/opsnas102-data2,False
tds-model01-dev.ncei.noaa.gov,model/ndgd.xml,"NDGD - National Digital Guidance Database Air Quality, Historical (Center Code: KWBP)",datasetScan,/san5303/nexus/ndgd,model-ndgd-file_kwbp-old,NDGD_KWBP-old,model/model.xml,10.254.101.132:/mnt/HL2-P2/san5303,False
tds-model01-dev.ncei.noaa.gov,model/ndgd.xml,NDGD - National Digital Guidance Database National Hurricane Center (Center Code: KNHC),datasetScan,/modeldata3/published/national-digital-guidance-database/access,model-ndgd-file_knhc,NDGD_KNHC,model/model.xml,10.254.11.33:/export/opsnas102-data2,False
tds-model01-dev.ncei.noaa.gov,model/ndgd.xml,"NDGD - National Digital Guidance Database National Hurricane Center, Historical (Center Code: KNHC)",datasetScan,/san5303/nexus/ndgd,model-ndgd-file_knhc-old,NDGD_KNHC-old,model/model.xml,10.254.101.132:/mnt/HL2-P2/san5303,False
tds-model01-dev.ncei.noaa.gov,model/ndgd.xml,NDGD - National Digital Guidance Database Climate Prediction Center (Center Code: KWNC),datasetScan,/modeldata3/published/national-digital-guidance-database/access,model-ndgd-file_kwnc,NDGD_KWNC,model/model.xml,10.254.11.33:/export/opsnas102-data2,False
tds-model01-dev.ncei.noaa.gov,model/ndgd.xml,"NDGD - National Digital Guidance Database Climate Prediction Center, Historical (Center Code: KWNC)",datasetScan,/san5303/nexus/ndgd,model-ndgd-file_kwnc-old,NDGD_KWNC-old,model/model.xml,10.254.101.132:/mnt/HL2-P2/san5303,False
tds-model01-dev.ncei.noaa.gov,model/ndgd.xml,NDGD - National Digital Guidance (Center Code: KWBG),datasetScan,/modeldata3/published/national-digital-guidance-database/access,model-ndgd-file_kwbg,NDGD_KWBG,model/model.xml,10.254.11.33:/export/opsnas102-data2,False
tds-model01-dev.ncei.noaa.gov,model/negofs_catalog.xml,NEGOFS Models,datasetScan,/modeldata3/published/operational-nowcast-and-forecast-hydrodynamic-model-systems-co-ops/access/northeast-gulf-of-mexico-operational-forecast-system-negofs/,model-negofs-files,NOAA/NEGOFS/MODELS,model/model.xml,10.254.11.33:/export/opsnas102-data2,False
tds-model01-dev.ncei.noaa.gov,model/ngofs2_catalog.xml,NGOFS2 Models,datasetScan,/modeldata3/published/operational-nowcast-and-forecast-hydrodynamic-model-systems-co-ops/access/northern-gulf-of-mexico-2-operational-forecast-system-ngofs2/,model-ngofs2-files,NOAA/NGOFS2/MODELS,model/model.xml,10.254.11.33:/export/opsnas102-data2,False
tds-model01-dev.ncei.noaa.gov,model/ngofs_catalog.xml,NGOFS Models,datasetScan,/modeldata3/published/operational-nowcast-and-forecast-hydrodynamic-model-systems-co-ops/access/northern-gulf-of-mexico-operational-forecast-system-ngofs/,model-ngofs-files,NOAA/NGOFS/MODELS,model/model.xml,10.254.11.33:/export/opsnas102-data2,False
tds-model01-dev.ncei.noaa.gov,model/nmme.xml,,,,,,model/model.xml,,
tds-model01-dev.ncei.noaa.gov,model/nnr2.xml,NCEP/NCAR Reanalysis II (NNR2) 6-hour - File Units,datasetScan,/san5102/nexus/reanalysis-2/6hr/,model-nnr2-6h-files,,model/model.xml,10.254.101.132:/mnt/HL2-P1/san5102,False
tds-model01-dev.ncei.noaa.gov,model/nnr2.xml,NCEP/NCAR Reanalysis II (NNR2) montly - File Units,datasetScan,/san5102/nexus/reanalysis-2/month/,model-nnr2-month-files,,model/model.xml,10.254.101.132:/mnt/HL2-P1/san5102,False
tds-model01-dev.ncei.noaa.gov,model/nwgofs_catalog.xml,NWGOFS Models,datasetScan,/modeldata3/published/operational-nowcast-and-forecast-hydrodynamic-model-systems-co-ops/access/northwest-gulf-of-mexico-operational-forecast-system-nwgofs/,model-nwgofs-files,NOAA/NWGOFS/MODELS,model/model.xml,10.254.11.33:/export/opsnas102-data2,False
tds-model01-dev.ncei.noaa.gov,model/nyofs_catalog.xml,NYOFS Models,datasetScan,/modeldata3/published/operational-nowcast-and-forecast-hydrodynamic-model-systems-co-ops/access/port-of-new-york-and-new-jersey-operational-forecast-system-nyofs/,model-nyofs-files,NYOFS/MODELS,model/model.xml,10.254.11.33:/export/opsnas102-data2,False
tds-model01-dev.ncei.noaa.gov,model/paleo.xml,Drought Reconstructions,datasetScan,/san5102/nexus/paleo/ngdc,model-paleo-pdsi,paleo-pdsi,model/model.xml,10.254.101.132:/mnt/HL2-P1/san5102,False
tds-model01-dev.ncei.noaa.gov,model/paleo.xml,Paleoclimate Model Intercomparision Project,datasetScan,/san5102/nexus/paleo/PMIP,model-paleo-pmip,paleo-pmip,model/model.xml,10.254.101.132:/mnt/HL2-P1/san5102,False
tds-model01-dev.ncei.noaa.gov,model/paleo.xml,Paleoclimate Reconstructions of Last 2 Millennia,datasetScan,/san5102/nexus/paleo/Last2Millennia/Reconstructions,model-paleo-2m-recon,paleo-2m-recon,model/model.xml,10.254.101.132:/mnt/HL2-P1/san5102,False
tds-model01-dev.ncei.noaa.gov,model/paleo.xml,Abrupt Climate Change,datasetScan,/san5102/nexus/paleo/AbruptChange,model-paleo-abrupt-climate-change,paleo-abrupt-climate-change,model/model.xml,10.254.101.132:/mnt/HL2-P1/san5102,False
tds-model01-dev.ncei.noaa.gov,model/rucrap.xml,Rapid Refresh - 13km CONUS - file units,datasetScan,/modeldata3/published/rapid-refresh/access/rap-130-13km/forecast/,model-rap130,rap130,model/model.xml,10.254.11.33:/export/opsnas102-data2,False
tds-model01-dev.ncei.noaa.gov,model/rucrap.xml,Rapid Refresh - 13km CONUS - historical file units,datasetScan,/san5303/nexus/ruc13,model-rap130-old,rap130-old,model/model.xml,10.254.101.132:/mnt/HL2-P2/san5303,False
tds-model01-dev.ncei.noaa.gov,model/rucrap.xml,Rapid Refresh - 20KM CONUS - file units,datasetScan,/modeldata3/published/rapid-refresh/access/rap-252-20km/forecast/,model-rap252,rap252,model/model.xml,10.254.11.33:/export/opsnas102-data2,False
tds-model01-dev.ncei.noaa.gov,model/rucrap.xml,Rapid Refresh - 20KM CONUS - historical file units,datasetScan,/san5303/nexus/ruc,model-rap252-old,rap252-old,model/model.xml,10.254.101.132:/mnt/HL2-P2/san5303,False
tds-model01-dev.ncei.noaa.gov,model/rucrap.xml,Rapid Refresh Analysis Collection - 13km CONUS - file units,datasetScan,/modeldata3/published/rapid-refresh/access/rap-130-13km/analysis/,model-rap130anl,rap130anl,model/model.xml,10.254.11.33:/export/opsnas102-data2,False
tds-model01-dev.ncei.noaa.gov,model/rucrap.xml,Rapid Refresh Analysis Collection - 13km CONUS - historical file units,datasetScan,/san5302/nexus/rucanl,model-rap130anl-old,rap130anl-old,model/model.xml,10.254.101.132:/mnt/HL2-P1/san5302,False
tds-model01-dev.ncei.noaa.gov,model/rucrap.xml,Rapid Refresh Analysis Collection - 20km CONUS - file units,datasetScan,/modeldata3/published/rapid-refresh/access/rap-252-20km/analysis/,model-rap252anl,rap252anl,model/model.xml,10.254.11.33:/export/opsnas102-data2,False
tds-model01-dev.ncei.noaa.gov,model/rucrap.xml,Rapid Refresh Analysis Collection - 20km CONUS - historical file units,datasetScan,/san5302/nexus/rucanl,model-rap252anl-old,rap252anl-old,model/model.xml,10.254.101.132:/mnt/HL2-P1/san5302,False
tds-model01-dev.ncei.noaa.gov,model/rucrap.xml,Rapid Update Cycle Analysis Collection - 20km CONUS - file units,datasetScan,/san5302/nexus/rucanl,model-ruc252anl,ruc252anl,model/model.xml,10.254.101.132:/mnt/HL2-P1/san5302,False
tds-model01-dev.ncei.noaa.gov,model/rucrap.xml,Rapid Update Cycle Analysis Collection - 13km CONUS - file units,datasetScan,/san5302/nexus/rucanl,model-ruc130anl,ruc130anl,model/model.xml,10.254.101.132:/mnt/HL2-P1/san5302,False
tds-model01-dev.ncei.noaa.gov,model/sfbofs_catalog.xml,SFBOFS Models,datasetScan,/modeldata3/published/operational-nowcast-and-forecast-hydrodynamic-model-systems-co-ops/access/san-francisco-bay-operational-forecast-system-sfbofs/,model-sfbofs-files,NOAA/SFBOFS/MODELS,model/model.xml,10.254.11.33:/export/opsnas102-data2,False
tds-model01-dev.ncei.noaa.gov,model/sjrofs_catalog.xml,SJROFS Models,datasetScan,/modeldata3/published/operational-nowcast-and-forecast-hydrodynamic-model-systems-co-ops/access/st-johns-river-operational-forecast-system-sjrofs/,model-sjrofs-files,SJROFS/MODELS,model/model.xml,10.254.11.33:/export/opsnas102-data2,False
tds-model01-dev.ncei.noaa.gov,model/srrs.xml,SRRS - NWS Service Records Retention System (GRIB Products),datasetScan,/san5303/nexus/srrs/data,model-srrs-grib,SRRS-GRIB,model/model.xml,10.254.101.132:/mnt/HL2-P2/san5303,False
tds-model01-dev.ncei.noaa.gov,model/tbofs_catalog.xml,TBOFS Models,datasetScan,/modeldata3/published/operational-nowcast-and-forecast-hydrodynamic-model-systems-co-ops/access/tampa-bay-operational-forecast-system-tbofs/,model-tbofs-files,TBOFS/MODELS,model/model.xml,10.254.11.33:/export/opsnas102-data2,False
tds-model01-dev.ncei.noaa.gov,model/wcofs_catalog.xml,WCOFS Models,datasetScan,/modeldata3/published/operational-nowcast-and-forecast-hydrodynamic-model-systems-co-ops/access/west-coast-operational-forecast-system-wcofs/,model-wcofs-files,NOAA/WCOFS/MODELS,model/model.xml,10.254.11.33:/export/opsnas102-data2,False
tds-model01-dev.ncei.noaa.gov,model/wcrp-cmip3.xml,,,,,,model/model.xml,,
tds-model01-dev.ncei.noaa.gov,stub.xml,,,,,,catalog.xml,,
tds01-test.ncei.noaa.gov,blended-global/blended-global.xml,,,,,,catalog.xml,,
tds01-test.ncei.noaa.gov,blended-global/gcag.xml,Global Climate at a Glance:  File access,datasetScan,/datasets/published/climate-at-a-glance/access,gcag,gcag,blended-global/blended-global.xml,10.254.102.63:/NFS02/datasets-test/published,False
tds01-test.ncei.noaa.gov,blended-global/gcag.xml,NOAA Global Surface Temperature V5: File Access,datasetScan,/datasets/published/noaa-global-surface-temperature/v5/access/gridded,noaa-global-temp-v5,noaa-global-temp-v5,blended-global/blended-global.xml,10.254.102.63:/NFS02/datasets-test/published,False
tds01-test.ncei.noaa.gov,blended-global/gcag.xml,NOAA Global Surface Temperature V5.1: File Access,datasetScan,/datasets/published/noaa-global-surface-temperature/v5.1/access/gridded,noaa-global-temp-v5.1,noaa-global-temp-v5,blended-global/blended-global.xml,10.254.102.63:/NFS02/datasets-test/published,False
tds01-test.ncei.noaa.gov,blended-global/oceanWinds.xml,Files,datasetScan,/datasets/published/blended-global-sea-surface-wind-products/access/nrt/stress,uv/strs,Blended Ocean Winds - Stress,blended-global/blended-global.xml,10.254.102.63:/NFS02/datasets-test/published,False
tds01-test.ncei.noaa.gov,blended-global/oceanWinds.xml,Files,datasetScan,/datasets/published/blended-global-sea-surface-wind-products/access/nrt/wind,uv/winds,Blended Ocean Winds,blended-global/blended-global.xml,10.254.102.63:/NFS02/datasets-test/published,False
tds01-test.ncei.noaa.gov,blended-global/oceanWinds.xml,Files,datasetScan,/datasets/published/blended-global-sea-surface-wind-products/access/reprocessed/stress,uv/reprocessed_strs,Reprocessed Blended Ocean Winds - Stress,blended-global/blended-global.xml,10.254.102.63:/NFS02/datasets-test/published,False
tds01-test.ncei.noaa.gov,blended-global/oceanWinds.xml,Files,datasetScan,/datasets/published/blended-global-sea-surface-wind-products/access/reprocessed/wind,uv/reprocessed_winds,Blended Ocean Winds,blended-global/blended-global.xml,10.254.102.63:/NFS02/datasets-test/published,False
tds01-test.ncei.noaa.gov,blended-global/oceanWinds.xml,Files,datasetScan,/datasets/published/blended-global-sea-surface-wind-products/access/climatology,uv/clm,Blended Ocean Winds - Climatology Files,blended-global/blended-global.xml,10.254.102.63:/NFS02/datasets-test/published,False
tds01-test.ncei.noaa.gov,blended-global/oisst-catalog.xml,,datasetRoot,/datasets/published/,OisstBase,,blended-global/blended-global.xml,10.254.102.63:/NFS02/datasets-test/published,False
tds01-test.ncei.noaa.gov,blended-global/oisst-catalog.xml,OISST-V2-AVHRR-Daily Files,datasetScan,/datasets/published/sea-surface-temperature-optimum-interpolation/v2/access/avhrr-only,OisstBase/NetCDF/V2.0/AVHRR,OISST-V2-AVHRR-Daily,blended-global/blended-global.xml,10.254.102.63:/NFS02/datasets-test/published,False
tds01-test.ncei.noaa.gov,blended-global/oisst-catalog.xml,OISST-V2-AVHRR-AMSR-Daily Files,datasetScan,/datasets/published/sea-surface-temperature-optimum-interpolation/v2/access/amsr-avhrr,OisstBase/NetCDF/V2.0/AVHRR-AMSR,OISST-V2-AVHRR-AMSR-Daily,blended-global/blended-global.xml,10.254.102.63:/NFS02/datasets-test/published,False
tds01-test.ncei.noaa.gov,blended-global/oisst-catalog.xml,OISST-V2.1-AVHRR-Daily Files,datasetScan,/datasets/published/sea-surface-temperature-optimum-interpolation/v2.1/access/avhrr,OisstBase/NetCDF/V2.1/AVHRR,OISST-V2.1-AVHRR-Daily,blended-global/blended-global.xml,10.254.102.63:/NFS02/datasets-test/published,False
tds01-test.ncei.noaa.gov,data-in-development/data-in-development.xml,Soil Moisture Change,datasetScan,Path does not exist on server: /mnt/san2/nidis,smc,smc,catalog.xml,,False
tds01-test.ncei.noaa.gov,data-in-development/data-in-development.xml,NClimGrid,datasetScan,/datasets/published/nclimgrid-monthly/access/,data-in-development/nclimgrid,,catalog.xml,10.254.102.63:/NFS02/datasets-test/published,False
tds01-test.ncei.noaa.gov,data-in-development/data-in-development.xml,Climate area grid masks (nclimgrid),datasetScan,/datasets/published/gridmasks,did/nclimgrid,,catalog.xml,10.254.102.63:/NFS02/datasets-test/published,False
tds01-test.ncei.noaa.gov,data-in-development/data-in-development.xml,Files,datasetScan,/datasets/published/nws-quantitative-precipitation-estimates/access,did/nws-qpe,,catalog.xml,10.254.102.63:/NFS02/datasets-test/published,False
tds01-test.ncei.noaa.gov,in_situ/aerosols-esrl-gmd.xml,ESRL-GMD Long-Term Surface Aerosol Measurements File Access,datasetScan,/datasets/published/aerosols-esrl-gmd/access,aerosols-esrl-gmd,aerosols-esrl-gmd,in_situ/in_situ.xml,10.254.102.63:/NFS02/datasets-test/published,False
tds01-test.ncei.noaa.gov,in_situ/in_situ.xml,,,,,,catalog.xml,,
tds01-test.ncei.noaa.gov,in_situ/nclimgrid-daily-auxiliary.xml,Auxiliary Observation Counts for U.S. Daily Gridded Fields (nClimGrid-Daily Auxiliary),datasetScan,/datasets/published/nclimgrid-daily-auxiliary/access/,nclimgrid-daily-auxiliary,nclimgrid-daily-auxiliary,in_situ/in_situ.xml,10.254.102.63:/NFS02/datasets-test/published,False
tds01-test.ncei.noaa.gov,in_situ/nclimgrid-daily.xml,U.S. Daily Gridded Fields (nClimGrid-Daily),datasetScan,/datasets/published/nclimgrid-daily/access/grids,nclimgrid-daily,nclimgrid-daily,in_situ/in_situ.xml,10.254.102.63:/NFS02/datasets-test/published,False
tds01-test.ncei.noaa.gov,marine-ocean/ersst.xml,ERSST - Extended Reconstructed Sea Surface Temperatures version 5,datasetScan,/datasets/published/sea-surface-temperature-extended-reconstructed/access,ersst,gov.noaa.ncdc:C00833_ersstv5,marine-ocean/marine-ocean.xml,10.254.102.63:/NFS02/datasets-test/published,False
tds01-test.ncei.noaa.gov,marine-ocean/icoads_v3.xml,ICOADS Version 3.0 NetCDF File Access,datasetScan,/datasets/published/international-comprehensive-ocean-atmosphere/v3/archive/nrt,international-comprehensive-ocean-atmosphere-dataset-icoads,icoads,marine-ocean/marine-ocean.xml,10.254.102.63:/NFS02/datasets-test/published,False
tds01-test.ncei.noaa.gov,marine-ocean/marine-ocean.xml,,,,,,catalog.xml,,
tds01-test.ncei.noaa.gov,model/model.xml,,,,,,catalog.xml,,
tds01-test.ncei.noaa.gov,satellite/cdr.xml,Ocean Heat Fluxes,datasetScan,/var/lib/tomcat/content/thredds/ncml_and_links/cdr/ocean-heat-fluxes,cdr/ocean-heat-fluxes,,satellite/satellite.xml,/dev/mapper/system-var,False
tds01-test.ncei.noaa.gov,satellite/cdr.xml,Ocean Near-surface Atmospheric Properties,datasetScan,/var/lib/tomcat/content/thredds/ncml_and_links/cdr/ocean-atmos-props,cdr/ocean-atmos-props,,satellite/satellite.xml,/dev/mapper/system-var,False
tds01-test.ncei.noaa.gov,satellite/cdr.xml,Ozone - Zonal Mean Binary Database of Profiles,datasetScan,Path does not exist on server: /datasets/published/ozone-concentration-esrl/access,cdr/ozone-zonal-mean-esrl,,satellite/satellite.xml,,False
tds01-test.ncei.noaa.gov,satellite/cdr.xml,Sea Ice Concentration: File Access,datasetScan,Path does not exist on server: /datasets/published/sea-ice-concentration/access,cdr/sea-ice-concentration,,satellite/satellite.xml,,False
tds01-test.ncei.noaa.gov,satellite/cdr.xml,Snow Cover Extent (Northern Hemisphere),datasetScan,/datasets/published/snow-cover-extent/access,cdr/snowcover,,satellite/satellite.xml,10.254.102.63:/NFS02/datasets-test/published,False
tds01-test.ncei.noaa.gov,satellite/gridsat_goes.xml,Gridsat GOES Full-Disk Files,datasetScan,/datasets/published/gridsat-goes/access/goes,satellite/gridsat-goes-full-disk,gridsat_goes_full_disk,satellite/satellite.xml,10.254.102.66:/NFS06/datasets/gg,False
tds01-test.ncei.noaa.gov,satellite/gridsat_goes.xml,Gridsat GOES Continental US Files,datasetScan,/datasets/published/gridsat-goes/access/conus,satellite/gridsat-goes-conus,gridsat_goes_conus,satellite/satellite.xml,10.254.102.66:/NFS06/datasets/gg,False
tds01-test.ncei.noaa.gov,satellite/landcover.xml,Historical Land-Cover Change and Land-Use Conversions Global Dataset: Files,datasetScan,Path does not exist on server: /datasets/published/landcover/access,sat/landcover,,satellite/satellite.xml,,False
tds01-test.ncei.noaa.gov,satellite/mean-layer-temp-noaa.xml,Mean Layer Temperature - NOAA/NESDIS: File access,datasetScan,/datasets/published/mean-layer-temperature-noaa/access,satellite/mean-layer-temperature-noaa,mean-layer-temp-noaa,satellite/satellite.xml,10.254.102.63:/NFS02/datasets-test/published,False
tds01-test.ncei.noaa.gov,satellite/msu_brt_tmp.xml,NOAA Microwave Sounding Unit - Brightness Temperature: File access,datasetScan,Path does not exist on server: /datasets/published/msu-brightness-temperature-noaa/access,satellite/msu-brightness-temperature-noaa,msu-brightness-temperature-noaa,satellite/satellite.xml,,False
tds01-test.ncei.noaa.gov,satellite/poes.xml,POES - NOAA Polar Orbiting Satellite - Global Visible and Infrared Band Data from ESSA: File access,datasetScan,Path does not exist on server: /datasets/published/poes-essa-noaa-satellite-imagery/access,satellite/poes,poes,satellite/satellite.xml,,False
tds01-test.ncei.noaa.gov,satellite/satellite.xml,,,,,,catalog.xml,,
tds01-test.ncei.noaa.gov,satellite/ssmi-hydro.xml,SSMI-Hydro files,datasetScan,/datasets/published/ssmi-ssmis-hydrological-products/access/netcdf,satellite/ssmi-hydro,,satellite/satellite.xml,10.254.102.63:/NFS02/datasets-test/published,False
tds01-test.ncei.noaa.gov,satellite/tc-primed.xml,TC-PRIMED: File access,datasetScan,/datasets/published/tropical-cyclone-precipitation-infrared-microwave-environmental-dataset/access,satellite/tc-primed,tc-primed,satellite/satellite.xml,10.254.102.63:/NFS02/datasets-test/published,False
tds01-dev.ncei.noaa.gov,blended-global/blended-global.xml,,,,,,catalog.xml,,
tds01-dev.ncei.noaa.gov,blended-global/gcag.xml,Global Climate at a Glance:  File access,datasetScan,/datasets/published/climate-at-a-glance/access,gcag,gcag,blended-global/blended-global.xml,10.254.101.67:/NFS06/datasets/published-prod,False
tds01-dev.ncei.noaa.gov,blended-global/gcag.xml,NOAA Global Surface Temperature V5: File Access,datasetScan,/datasets/published/noaa-global-surface-temperature/v5/access/gridded,noaa-global-temp-v5,noaa-global-temp-v5,blended-global/blended-global.xml,10.254.101.67:/NFS06/datasets/published-prod,False
tds01-dev.ncei.noaa.gov,blended-global/gcag.xml,NOAA Global Surface Temperature V5.1: File Access,datasetScan,/datasets/published/noaa-global-surface-temperature/v5.1/access/gridded,noaa-global-temp-v5.1,noaa-global-temp-v5,blended-global/blended-global.xml,10.254.101.67:/NFS06/datasets/published-prod,False
tds01-dev.ncei.noaa.gov,blended-global/oceanWinds.xml,Files,datasetScan,/datasets/published/blended-global-sea-surface-wind-products/access/nrt/stress,uv/strs,Blended Ocean Winds - Stress,blended-global/blended-global.xml,10.254.101.67:/NFS06/datasets/published-prod,False
tds01-dev.ncei.noaa.gov,blended-global/oceanWinds.xml,Files,datasetScan,/datasets/published/blended-global-sea-surface-wind-products/access/nrt/wind,uv/winds,Blended Ocean Winds,blended-global/blended-global.xml,10.254.101.67:/NFS06/datasets/published-prod,False
tds01-dev.ncei.noaa.gov,blended-global/oceanWinds.xml,Files,datasetScan,/datasets/published/blended-global-sea-surface-wind-products/access/reprocessed/stress,uv/reprocessed_strs,Reprocessed Blended Ocean Winds - Stress,blended-global/blended-global.xml,10.254.101.67:/NFS06/datasets/published-prod,False
tds01-dev.ncei.noaa.gov,blended-global/oceanWinds.xml,Files,datasetScan,/datasets/published/blended-global-sea-surface-wind-products/access/reprocessed/wind,uv/reprocessed_winds,Blended Ocean Winds,blended-global/blended-global.xml,10.254.101.67:/NFS06/datasets/published-prod,False
tds01-dev.ncei.noaa.gov,blended-global/oceanWinds.xml,Files,datasetScan,/datasets/published/blended-global-sea-surface-wind-products/access/climatology,uv/clm,Blended Ocean Winds - Climatology Files,blended-global/blended-global.xml,10.254.101.67:/NFS06/datasets/published-prod,False
tds01-dev.ncei.noaa.gov,blended-global/oisst-catalog.xml,,datasetRoot,/datasets/published/,OisstBase,,marine-ocean/marine-ocean.xml,10.254.101.67:/NFS06/datasets/published-prod,False
tds01-dev.ncei.noaa.gov,blended-global/oisst-catalog.xml,OISST-V2-AVHRR-Daily Files,datasetScan,/datasets/published/sea-surface-temperature-optimum-interpolation/v2/access/avhrr-only,OisstBase/NetCDF/V2.0/AVHRR,OISST-V2-AVHRR-Daily,marine-ocean/marine-ocean.xml,10.254.101.67:/NFS06/datasets/published-prod,False
tds01-dev.ncei.noaa.gov,blended-global/oisst-catalog.xml,OISST-V2-AVHRR-AMSR-Daily Files,datasetScan,/datasets/published/sea-surface-temperature-optimum-interpolation/v2/access/amsr-avhrr,OisstBase/NetCDF/V2.0/AVHRR-AMSR,OISST-V2-AVHRR-AMSR-Daily,marine-ocean/marine-ocean.xml,10.254.101.67:/NFS06/datasets/published-prod,False
tds01-dev.ncei.noaa.gov,blended-global/oisst-catalog.xml,OISST-V2.1-AVHRR-Daily Files,datasetScan,/datasets/published/sea-surface-temperature-optimum-interpolation/v2.1/access/avhrr,OisstBase/NetCDF/V2.1/AVHRR,OISST-V2.1-AVHRR-Daily,marine-ocean/marine-ocean.xml,10.254.101.67:/NFS06/datasets/published-prod,False
tds01-dev.ncei.noaa.gov,data-in-development/data-in-development.xml,Soil Moisture Change,datasetScan,Path does not exist on server: /mnt/san2/nidis,smc,smc,catalog.xml,,False
tds01-dev.ncei.noaa.gov,data-in-development/data-in-development.xml,NClimGrid,datasetScan,/datasets/published/nclimgrid-monthly/access/,data-in-development/nclimgrid,,catalog.xml,10.254.101.67:/NFS06/datasets/published-prod,False
tds01-dev.ncei.noaa.gov,data-in-development/data-in-development.xml,Climate area grid masks (nclimgrid),datasetScan,/datasets/published/gridmasks,did/nclimgrid,,catalog.xml,10.254.101.67:/NFS06/datasets/published-prod,False
tds01-dev.ncei.noaa.gov,data-in-development/data-in-development.xml,Files,datasetScan,/datasets/published/nws-quantitative-precipitation-estimates/access,did/nws-qpe,,catalog.xml,10.254.101.67:/NFS06/datasets/published-prod,False
tds01-dev.ncei.noaa.gov,in_situ/aerosols-esrl-gmd.xml,ESRL-GMD Long-Term Surface Aerosol Measurements File Access,datasetScan,/datasets/published/aerosols-esrl-gmd/access,aerosols-esrl-gmd,aerosols-esrl-gmd,in_situ/in_situ.xml,10.254.101.67:/NFS06/datasets/published-prod,False
tds01-dev.ncei.noaa.gov,in_situ/in_situ.xml,,,,,,catalog.xml,,
tds01-dev.ncei.noaa.gov,in_situ/nclimgrid-daily-auxiliary.xml,Auxiliary Observation Counts for U.S. Daily Gridded Fields (nClimGrid-Daily Auxiliary),datasetScan,/datasets/published/nclimgrid-daily-auxiliary/access/,nclimgrid-daily-auxiliary,nclimgrid-daily-auxiliary,in_situ/in_situ.xml,10.254.101.67:/NFS06/datasets/published-prod,False
tds01-dev.ncei.noaa.gov,in_situ/nclimgrid-daily.xml,U.S. Daily Gridded Fields (nClimGrid-Daily),datasetScan,/datasets/published/nclimgrid-daily/access/grids,nclimgrid-daily,nclimgrid-daily,in_situ/in_situ.xml,10.254.101.67:/NFS06/datasets/published-prod,False
tds01-dev.ncei.noaa.gov,marine-ocean/ersst.xml,ERSST - Extended Reconstructed Sea Surface Temperatures version 5,datasetScan,/datasets/published/sea-surface-temperature-extended-reconstructed/access,ersst,gov.noaa.ncdc:C00833_ersstv5,marine-ocean/marine-ocean.xml,10.254.101.67:/NFS06/datasets/published-prod,False
tds01-dev.ncei.noaa.gov,marine-ocean/icoads_v3.xml,ICOADS Version 3.0 NetCDF File Access,datasetScan,/datasets/published/international-comprehensive-ocean-atmosphere/v3/archive/nrt,international-comprehensive-ocean-atmosphere-dataset-icoads,icoads,marine-ocean/marine-ocean.xml,10.254.101.67:/NFS06/datasets/published-prod,False
tds01-dev.ncei.noaa.gov,marine-ocean/marine-ocean.xml,,,,,,catalog.xml,,
tds01-dev.ncei.noaa.gov,model/model.xml,,,,,,catalog.xml,,
tds01-dev.ncei.noaa.gov,satellite/cdr.xml,Ocean Heat Fluxes,datasetScan,/var/lib/tomcat/content/thredds/ncml_and_links/cdr/ocean-heat-fluxes,cdr/ocean-heat-fluxes,,satellite/satellite.xml,/dev/mapper/system-var,False
tds01-dev.ncei.noaa.gov,satellite/cdr.xml,Ocean Near-surface Atmospheric Properties,datasetScan,/var/lib/tomcat/content/thredds/ncml_and_links/cdr/ocean-atmos-props,cdr/ocean-atmos-props,,satellite/satellite.xml,/dev/mapper/system-var,False
tds01-dev.ncei.noaa.gov,satellite/cdr.xml,Ozone - Zonal Mean Binary Database of Profiles,datasetScan,/datasets/published/ozone-concentration-esrl/access,cdr/ozone-zonal-mean-esrl,,satellite/satellite.xml,10.254.101.67:/NFS06/datasets/published-prod,False
tds01-dev.ncei.noaa.gov,satellite/cdr.xml,Sea Ice Concentration: File Access,datasetScan,/datasets/published/sea-ice-concentration/access,cdr/sea-ice-concentration,,satellite/satellite.xml,10.254.101.67:/NFS06/datasets/published-prod,False
tds01-dev.ncei.noaa.gov,satellite/cdr.xml,Snow Cover Extent (Northern Hemisphere),datasetScan,/datasets/published/snow-cover-extent/access,cdr/snowcover,,satellite/satellite.xml,10.254.101.67:/NFS06/datasets/published-prod,False
tds01-dev.ncei.noaa.gov,satellite/gridsat_goes.xml,Gridsat GOES Full-Disk Files,datasetScan,/datasets/published/gridsat-goes/access/goes,satellite/gridsat-goes-full-disk,gridsat_goes_full_disk,satellite/satellite.xml,10.254.101.67:/NFS06/datasets/gg,False
tds01-dev.ncei.noaa.gov,satellite/gridsat_goes.xml,Gridsat GOES Continental US Files,datasetScan,/datasets/published/gridsat-goes/access/conus,satellite/gridsat-goes-conus,gridsat_goes_conus,satellite/satellite.xml,10.254.101.67:/NFS06/datasets/gg,False
tds01-dev.ncei.noaa.gov,satellite/landcover.xml,Historical Land-Cover Change and Land-Use Conversions Global Dataset: Files,datasetScan,/datasets/published/landcover/access,sat/landcover,,satellite/satellite.xml,10.254.101.67:/NFS06/datasets/published-prod,False
tds01-dev.ncei.noaa.gov,satellite/mean-layer-temp-noaa.xml,Mean Layer Temperature - NOAA/NESDIS: File access,datasetScan,/datasets/published/mean-layer-temperature-noaa/access,satellite/mean-layer-temperature-noaa,mean-layer-temp-noaa,satellite/satellite.xml,10.254.101.67:/NFS06/datasets/published-prod,False
tds01-dev.ncei.noaa.gov,satellite/msu_brt_tmp.xml,NOAA Microwave Sounding Unit - Brightness Temperature: File access,datasetScan,/datasets/published/msu-brightness-temperature-noaa/access,satellite/msu-brightness-temperature-noaa,msu-brightness-temperature-noaa,satellite/satellite.xml,10.254.101.67:/NFS06/datasets/published-prod,False
tds01-dev.ncei.noaa.gov,satellite/poes.xml,POES - NOAA Polar Orbiting Satellite - Global Visible and Infrared Band Data from ESSA: File access,datasetScan,/datasets/published/poes-essa-noaa-satellite-imagery/access,satellite/poes,poes,satellite/satellite.xml,10.254.101.67:/NFS06/datasets/published-prod,False
tds01-dev.ncei.noaa.gov,satellite/satellite.xml,,,,,,catalog.xml,,
tds01-dev.ncei.noaa.gov,satellite/ssmi-hydro.xml,SSMI-Hydro files,datasetScan,/datasets/published/ssmi-ssmis-hydrological-products/access/netcdf,satellite/ssmi-hydro,,satellite/satellite.xml,10.254.101.67:/NFS06/datasets/published-prod,False
tds01-dev.ncei.noaa.gov,satellite/tc-primed.xml,TC-PRIMED: File access,datasetScan,/datasets/published/tropical-cyclone-precipitation-infrared-microwave-environmental-dataset/access,satellite/tc-primed,tc-primed,satellite/satellite.xml,10.254.101.67:/NFS06/datasets/published-prod,False
tds-coastal01-dev.ncei.noaa.gov,USM_DAP/catalog_aggs.xml,,,,,,catalog_USM_DAP.xml,,
tds-coastal01-dev.ncei.noaa.gov,USM_DAP/catalog_data.xml,,,,,,catalog_USM_DAP.xml,,
tds-coastal01-dev.ncei.noaa.gov,catalog_USM_DAP.xml,,,,,,catalog.xml,,
tds-coastal01-dev.ncei.noaa.gov,catalog_aec_climo.xml,AEC Model,datasetScan,/mnt/thredds-data/aec/aec_model_climo/,aec_model,AEC_model,catalog.xml,10.254.101.74:/NFS04/msthredds/data,False
tds-coastal01-dev.ncei.noaa.gov,catalog_aec_climo.xml,AEC Satellite,datasetScan,/mnt/thredds-data/aec/aec_sat_climo/,aec_sat,AEC_sat,catalog.xml,10.254.101.74:/NFS04/msthredds/data,False
tds-coastal01-dev.ncei.noaa.gov,catalog_dwh.xml,DWH CTD,datasetScan,/mnt/thredds-data/dwh/ctd,dwh/ctd,dwh_ctd,catalog.xml,10.254.101.74:/NFS04/msthredds/data,False
tds-coastal01-dev.ncei.noaa.gov,catalog_navo_glider.xml,NAVOCEANO_GLIDER,datasetScan,/mnt/thredds-data/navoceano_glider/,navoceano_glider,navoceano_glider,catalog.xml,10.254.101.74:/NFS04/msthredds/data,False
tds-coastal01-dev.ncei.noaa.gov,catalog_northwest_fisheries.xml,Northwest Fisheries,datasetScan,/mnt/thredds-data/northwest_fisheries/,northwest_fisheries,NORTHWEST_FISHERIES,catalog.xml,10.254.101.74:/NFS04/msthredds/data,False
tds-coastal01-dev.ncei.noaa.gov,catalog_oceanNomads.xml,,,,,,catalog.xml,,
tds-coastal01-dev.ncei.noaa.gov,catalog_ocean_exploration_research.xml,Ocean Exploration Research,datasetScan,/mnt/thredds-data/ocean_exploration_research/,ocean_exploration_research,ocean_exploration_research,catalog.xml,10.254.101.74:/NFS04/msthredds/data,False
tds-coastal01-dev.ncei.noaa.gov,oceanNomads/catalog_aggs.xml,,,,,,catalog_oceanNomads.xml,,
tds-coastal01-dev.ncei.noaa.gov,oceanNomads/catalog_data.xml,,,,,,catalog_oceanNomads.xml,,
tds-model01-test.ncei.noaa.gov,model/cbofs_catalog.xml,CBOFS Models,datasetScan,/modeldata3/published/operational-nowcast-and-forecast-hydrodynamic-model-systems-co-ops/access/chesapeake-bay-operational-forecast-system-cbofs,model-cbofs-files,CBOFS/MODELS,model/model.xml,10.254.11.33:/export/opsnas102-data2,False
tds-model01-test.ncei.noaa.gov,model/cfs.xml,CFS File Access in Raw Directory Structure,datasetScan,/modeldata,model-cfs-allfiles,model-cfs-allfiles,model/model.xml,10.254.11.32:/export/Data,False
tds-model01-test.ncei.noaa.gov,model/cfs.xml,Time Series,datasetScan,/modeldata3/model/cfsr,model-cfs_reanl_ts,cfs_reanl_ts,model/model.xml,10.254.11.33:/export/opsnas102-data2,False
tds-model01-test.ncei.noaa.gov,model/cfs.xml,Monthly Means,datasetScan,Path does not exist on server: /mnt/modeldata4/model/cfsrmon,model-cfs_reanl_mm,cfs_reanl_mm,model/model.xml,,False
tds-model01-test.ncei.noaa.gov,model/cfs.xml,"3-D Diabatic Heating Data (DIAB), 6-hour",datasetScan,/modeldata2/cmd_diabf,model-cfs_reanl_6h_diab,cfs_reanl_6h_diab,model/model.xml,10.254.11.33:/export/opsnas102-data1,False
tds-model01-test.ncei.noaa.gov,model/cfs.xml,"Surface and Radiative Fluxes (FLX), 6-hour",datasetScan,/modeldata2/cmd_flxf,model-cfs_reanl_6h_flxf,cfs_reanl_6h_flxf,model/model.xml,10.254.11.33:/export/opsnas102-data1,False
tds-model01-test.ncei.noaa.gov,model/cfs.xml,"Low Resolution Data, 6-hour",datasetScan,/modeldata2/cmd_grblow,model-cfs_reanl_6h_grblow,cfs_reanl_6h_grblow,model/model.xml,10.254.11.33:/export/opsnas102-data1,False
tds-model01-test.ncei.noaa.gov,model/cfs.xml,"3-D Isentropic Level (IPV), 6-hour",datasetScan,/modeldata2/cmd_ipvh,model-cfs_reanl_6h_ipv,cfs_reanl_6h_ipv,model/model.xml,10.254.11.33:/export/opsnas102-data1,False
tds-model01-test.ncei.noaa.gov,model/cfs.xml,"3-D Ocean (OCN), 6-hour",datasetScan,/modeldata2/cmd_ocnh,model-cfs_reanl_6h_ocnh,cfs_reanl_6h_ocnh,model/model.xml,10.254.11.33:/export/opsnas102-data1,False
tds-model01-test.ncei.noaa.gov,model/cfs.xml,"3-D Pressure Level (PGB), 6-hour",datasetScan,/modeldata2/cmd_pgbh,model-cfs_reanl_6h_pgb,cfs_reanl_6h_pgb,model/model.xml,10.254.11.33:/export/opsnas102-data1,False
tds-model01-test.ncei.noaa.gov,model/cfs.xml,Monthly Means of Daily Averages,datasetScan,/modeldata3/model/cfsr-rfl-mmda,model-cfs_refor_fl_mm_da,cfs_refor_fl_mm_da,model/model.xml,10.254.11.33:/export/opsnas102-data2,False
tds-model01-test.ncei.noaa.gov,model/cfs.xml,Monthly Mean Time Series of Selected Variables,datasetScan,/modeldata3/model/cfsr-rfl-mmts,model-cfs_refor_fl_mm_ts,cfs_refor_fl_mm_ts,model/model.xml,10.254.11.33:/export/opsnas102-data2,False
tds-model01-test.ncei.noaa.gov,model/cfs.xml,6-Hourly Time Series from 45-Day and Seasonal Runs,datasetScan,/modeldata3/model/cfsr-rfl-ts45,model-cfs_refor_fl_6h_seasonal,cfs_refor_fl_6h_seasonal,model/model.xml,10.254.11.33:/export/opsnas102-data2,False
tds-model01-test.ncei.noaa.gov,model/cfs.xml,6-Hourly Time Series from 9-Month Runs,datasetScan,/modeldata3/model/cfsr-rfl-ts9,model-cfs_refor_fl_6h_9m,cfs_refor_fl_6h_9m,model/model.xml,10.254.11.33:/export/opsnas102-data2,False
tds-model01-test.ncei.noaa.gov,model/cfs.xml,Monthly Means from 9-Month Runs,datasetScan,/modeldata2/cmd_mm_9mon,model-cfs_refor_hp_mm_9m,cfs_refor_hp_mm_9m,model/model.xml,10.254.11.33:/export/opsnas102-data1,False
tds-model01-test.ncei.noaa.gov,model/cfs.xml,Monthly Means from seasonal Runs,datasetScan,/modeldata3/model/cfsr-hpr-mms,model-cfs_refor_hp_mm_se,cfs_refor_hp_mm_se,model/model.xml,10.254.11.33:/export/opsnas102-data2,False
tds-model01-test.ncei.noaa.gov,model/cfs.xml,Time Series from 45-Day and Seasonal Runs,datasetScan,/modeldata3/model/cfsr-hpr-ts45,model-cfs_refor_hp_ts_seasonal,cfs_refor_hp_ts_seasonal,model/model.xml,10.254.11.33:/export/opsnas102-data2,False
tds-model01-test.ncei.noaa.gov,model/cfs.xml,Time Series from 9-Month Runs,datasetScan,/modeldata2/cmd_ts_9mon,model-cfs_refor_hp_ts_9m,cfs_refor_hp_ts_9m,model/model.xml,10.254.11.33:/export/opsnas102-data1,False
tds-model01-test.ncei.noaa.gov,model/cfs.xml,"Surface and Radiative Fluxes (FLX), 45 Day Run",datasetScan,Path does not exist on server: /modeldata/cfs_reforecast_6-hourly_45day_flxf,model-cfs_refor_6h_45d_flx,cfs_refor_6h_45d_flx,model/model.xml,,False
tds-model01-test.ncei.noaa.gov,model/cfs.xml,"Pressure Level (PGB), 45 Day Run",datasetScan,Path does not exist on server: /modeldata/cfs_reforecast_6-hourly_45day_pgbf,model-cfs_refor_6h_45d_pgb,cfs_refor_6h_45d_pgb,model/model.xml,,False
tds-model01-test.ncei.noaa.gov,model/cfs.xml,"Surface and Radiative Fluxes (FLX), 90 Day Run",datasetScan,/modeldata2/cfs_reforecast_6-hourly_90day_flxf,model-cfs_refor_6h_90d_flx,cfs_refor_6h_90d_flx,model/model.xml,10.254.11.33:/export/opsnas102-data1,False
tds-model01-test.ncei.noaa.gov,model/cfs.xml,"Pressure Level (PGB), 90 Day Run",datasetScan,/modeldata2/cfs_reforecast_6-hourly_90day_pgbf,model-cfs_refor_6h_90d_pgb,cfs_refor_6h_90d_pgb,model/model.xml,10.254.11.33:/export/opsnas102-data1,False
tds-model01-test.ncei.noaa.gov,model/cfs.xml,"Surface and Radiative Fluxes (FLX), 9 Month Run",datasetScan,Path does not exist on server: /modeldata/cfs_reforecast_6-hourly_9mon_flxf,model-cfs_refor_6h_9m_flx,cfs_refor_6h_9m_flx,model/model.xml,,False
tds-model01-test.ncei.noaa.gov,model/cfs.xml,"Pressure Level (PGB), 9 Month Run",datasetScan,/modeldata/cfs_reforecast_6-hourly_9mon_pgbf,model-cfs_refor_6h_9m_pgb,cfs_refor_6h_9m_pgb,model/model.xml,10.254.11.32:/export/Data,False
tds-model01-test.ncei.noaa.gov,model/cfs.xml,Ocean (OCNF) 1982-2010,datasetScan,/modeldata2/cfs_reforecast_calclim_mm_9mon_ocnf_1982-2010,model-cfs_refor_calclim_mm_9m_ocnf,cfs_refor_calclim_mm_9m_ocnf,model/model.xml,10.254.11.33:/export/opsnas102-data1,False
tds-model01-test.ncei.noaa.gov,model/cfs.xml,Data By Pressure Level (PGBF) 1982-2010,datasetScan,/modeldata2/cfs_reforecast_calclim_mm_9mon_pgbf_1982-2010,model-cfs_refor_calclim_mm_9m_pgbf,cfs_refor_calclim_mm_9m_pgbf,model/model.xml,10.254.11.33:/export/opsnas102-data1,False
tds-model01-test.ncei.noaa.gov,model/cfs.xml,Time Series,datasetScan,/modeldata/cfsv2_analysis_timeseries,model-cfs_v2_anl_ts,cfs_v2_anl_ts,model/model.xml,10.254.11.32:/export/Data,False
tds-model01-test.ncei.noaa.gov,model/cfs.xml,"Energetics, Monthly",datasetScan,/modeldata/cfsv2_analysis_monthlymeans_egy,model-cfs_v2_anl_mm_egy,cfs_v2_anl_mm_egy,model/model.xml,10.254.11.32:/export/Data,False
tds-model01-test.ncei.noaa.gov,model/cfs.xml,"Surface and Radiative Fluxes (FLX), Monthly",datasetScan,/modeldata/cfsv2_analysis_monthlymeans_flx,model-cfs_v2_anl_mm_flxf,cfs_v2_anl_mm_flxf,model/model.xml,10.254.11.32:/export/Data,False
tds-model01-test.ncei.noaa.gov,model/cfs.xml,"Isentropic Level (IPV), Monthly",datasetScan,/modeldata/cfsv2_analysis_monthlymeans_ipv,model-cfs_v2_anl_mm_ipv,cfs_v2_anl_mm_ipv,model/model.xml,10.254.11.32:/export/Data,False
tds-model01-test.ncei.noaa.gov,model/cfs.xml,"Ocean (OCN), Monthly",datasetScan,/modeldata/cfsv2_analysis_monthlymeans_ocn,model-cfs_v2_anl_mm_ocn,cfs_v2_anl_mm_ocn,model/model.xml,10.254.11.32:/export/Data,False
tds-model01-test.ncei.noaa.gov,model/cfs.xml,"Pressure Level (PGB), Monthly",datasetScan,/modeldata/cfsv2_analysis_monthlymeans_pgb,model-cfs_v2_anl_mm_pgb,cfs_v2_anl_mm_pgb,model/model.xml,10.254.11.32:/export/Data,False
tds-model01-test.ncei.noaa.gov,model/cfs.xml,"Surface and Radiative Fluxes (FLX), 6-hour",datasetScan,/modeldata2/cfsv2_analysis_flxf,model-cfs_v2_anl_6h_flxf,cfs_v2_anl_6h_flxf,model/model.xml,10.254.11.33:/export/opsnas102-data1,False
tds-model01-test.ncei.noaa.gov,model/cfs.xml,"Low Resolution Data, 6-hour",datasetScan,/modeldata2/cfsv2_analysis_grblow,model-cfs_v2_anl_6h_grblow,cfs_v2_anl_6h_grblow,model/model.xml,10.254.11.33:/export/opsnas102-data1,False
tds-model01-test.ncei.noaa.gov,model/cfs.xml,"3-D Isentropic Level (IPV), 6-hour",datasetScan,/modeldata2/cfsv2_analysis_ipvh,model-cfs_v2_anl_6h_ipv,cfs_v2_anl_6h_ipv,model/model.xml,10.254.11.33:/export/opsnas102-data1,False
tds-model01-test.ncei.noaa.gov,model/cfs.xml,"3-D Ocean (OCN), 6-hour",datasetScan,/modeldata2/cfsv2_analysis_ocnh,model-cfs_v2_anl_6h_ocnh,cfs_v2_anl_6h_ocnh,model/model.xml,10.254.11.33:/export/opsnas102-data1,False
tds-model01-test.ncei.noaa.gov,model/cfs.xml,"3-D Pressure Level (PGB), 6-hour",datasetScan,/modeldata2/cfsv2_analysis_pgbh,model-cfs_v2_anl_6h_pgb,cfs_v2_anl_6h_pgb,model/model.xml,10.254.11.33:/export/opsnas102-data1,False
tds-model01-test.ncei.noaa.gov,model/cfs.xml,Time Series,datasetScan,/modeldata/cfsv2_forecast_ts_9mon,model-cfs_v2_for_ts,cfs_v2_for_ts,model/model.xml,10.254.11.32:/export/Data,False
tds-model01-test.ncei.noaa.gov,model/cfs.xml,Monthly Means,datasetScan,/modeldata/cfsv2_forecast_mm_9mon,model-cfs_v2_for_mm,cfs_v2_for_mm,model/model.xml,10.254.11.32:/export/Data,False
tds-model01-test.ncei.noaa.gov,model/cfs.xml,"Surface and Radiative Fluxes (FLX), 6-hour",datasetScan,/modeldata/cfsv2_forecast_6-hourly_9mon_flxf,model-cfs_v2_for_6h_flxf,cfs_v2_for_6h_flxf,model/model.xml,10.254.11.32:/export/Data,False
tds-model01-test.ncei.noaa.gov,model/cfs.xml,"3-D Isentropic Level (IPV), 6-hour",datasetScan,/modeldata/cfsv2_forecast_6-hourly_9mon_ipvf,model-cfs_v2_for_6h_ipv,cfs_v2_for_6h_ipv,model/model.xml,10.254.11.32:/export/Data,False
tds-model01-test.ncei.noaa.gov,model/cfs.xml,"3-D Ocean (OCN), 6-hour",datasetScan,/modeldata/cfsv2_forecast_6-hourly_9mon_ocnf,model-cfs_v2_for_6h_ocnh,cfs_v2_for_6h_ocnh,model/model.xml,10.254.11.32:/export/Data,False
tds-model01-test.ncei.noaa.gov,model/cfs.xml,"3-D Pressure Level (PGB), 6-hour",datasetScan,/modeldata/cfsv2_forecast_6-hourly_9mon_pgbf,model-cfs_v2_for_6h_pgb,cfs_v2_for_6h_pgb,model/model.xml,10.254.11.32:/export/Data,False
tds-model01-test.ncei.noaa.gov,model/ciofs_catalog.xml,CIOFS Models,datasetScan,/modeldata3/published/operational-nowcast-and-forecast-hydrodynamic-model-systems-co-ops/access/cook-inlet-operational-forecast-system-ciofs,model-ciofs-files,CIOFS/MODELS,model/model.xml,10.254.11.33:/export/opsnas102-data2,False
tds-model01-test.ncei.noaa.gov,model/creofs_catalog.xml,CREOFS Models,datasetScan,/modeldata3/published/operational-nowcast-and-forecast-hydrodynamic-model-systems-co-ops/access/columbia-river-estuary-operational-forecast-system-creofs/,model-creofs-files,model-creofs-files,model/model.xml,10.254.11.33:/export/opsnas102-data2,False
tds-model01-test.ncei.noaa.gov,model/dbofs_catalog.xml,DBOFS Models,datasetScan,/modeldata3/published/operational-nowcast-and-forecast-hydrodynamic-model-systems-co-ops/access/delaware-bay-operational-forecast-system-dbofs/,model-dbofs-files,DBOFS/MODELS,model/model.xml,10.254.11.33:/export/opsnas102-data2,False
tds-model01-test.ncei.noaa.gov,model/gens.xml,"GEFS3 - Global Ensemble Forecast System 003 (1 degree longitude-latitude grid, 21 members)",datasetScan,/modeldata3/published/global-ensemble-forecast-system/access/1.0-degree-grid/,model-gefs-003,gefs003,model/model.xml,10.254.11.33:/export/opsnas102-data2,False
tds-model01-test.ncei.noaa.gov,model/gens.xml,"GEFS2 - Global Ensemble Forecast System 002 (2.5 degree longitude-latitude grid, 21 members)",datasetScan,/modeldata3/published/global-ensemble-forecast-system/access/2.5-degree-grid/,model-gefs-002,gefs002,model/model.xml,10.254.11.33:/export/opsnas102-data2,False
tds-model01-test.ncei.noaa.gov,model/gfs.xml,Global Forecast System - Grid 3 - file units,datasetScan,/modeldata3/published/global-forecast-system/access/grid-003-1.0-degree/forecast,model-gfs-003-files,gfs-g3-files,model/model.xml,10.254.11.33:/export/opsnas102-data2,False
tds-model01-test.ncei.noaa.gov,model/gfs.xml,Global Forecast System - Grid 3 - historical file units,datasetScan,/san5102/nexus/gfs-avn,model-gfs-003-files-old,gfs-g3-files-old,model/model.xml,10.254.102.132:/mnt/HL2-P1/san5102,False
tds-model01-test.ncei.noaa.gov,model/gfs.xml,Global Forecast System - Grid 4 - file units,datasetScan,/modeldata3/published/global-forecast-system/access/grid-004-0.5-degree/analysis,model-gfs-004-files,gfs-g4-files,model/model.xml,10.254.11.33:/export/opsnas102-data2,False
tds-model01-test.ncei.noaa.gov,model/gfs.xml,Global Forecast System - Grid 4 - historical file units,datasetScan,/san5303/nexus/gfs4,model-gfs-004-files-old,gfs-g4-files-old,model/model.xml,10.254.102.132:/mnt/HL2-P2/san5303,False
tds-model01-test.ncei.noaa.gov,model/gfs.xml,Global Forecast System Grid 3 Analysis Set - file units,datasetScan,/modeldata3/published/global-forecast-system/access/grid-003-1.0-degree/analysis,model-gfs-g3-anl-files,gfs-g3-anl-files,model/model.xml,10.254.11.33:/export/opsnas102-data2,False
tds-model01-test.ncei.noaa.gov,model/gfs.xml,Global Forecast System Grid 3 Analysis Set - historical file units,datasetScan,/san5302/nexus/gfsanl,model-gfs-g3-anl-files-old,gfs-g3-anl-files-old,model/model.xml,10.254.102.132:/mnt/HL2-P1/san5302,False
tds-model01-test.ncei.noaa.gov,model/gfs.xml,Global Forecast System Grid 4 Analysis Set - file units,datasetScan,/modeldata3/published/global-forecast-system/access/grid-004-0.5-degree/analysis,model-gfs-g4-anl-files,gfs-g4-anl-files,model/model.xml,10.254.11.33:/export/opsnas102-data2,False
tds-model01-test.ncei.noaa.gov,model/gfs.xml,Global Forecast System Grid 4 Analysis Set - historical file units,datasetScan,/san5302/nexus/gfsanl,model-gfs-g4-anl-files-old,gfs-g4-anl-files-old,model/model.xml,10.254.102.132:/mnt/HL2-P1/san5302,False
tds-model01-test.ncei.noaa.gov,model/gomofs_catalog.xml,GOMOFS Models,datasetScan,/modeldata3/published/operational-nowcast-and-forecast-hydrodynamic-model-systems-co-ops/access/gulf-of-maine-operational-forecast-system-gomofs,model-gomofs-files,GOMOFS/MODELS,model/model.xml,10.254.11.33:/export/opsnas102-data2,False
tds-model01-test.ncei.noaa.gov,model/leofs_catalog.xml,LEOFS Models,datasetScan,/modeldata3/published/operational-nowcast-and-forecast-hydrodynamic-model-systems-co-ops/access/lake-erie-operational-forecast-system-leofs,model-leofs,NOAA/LEOFS/MODELS,model/model.xml,10.254.11.33:/export/opsnas102-data2,False
tds-model01-test.ncei.noaa.gov,model/lhofs_catalog.xml,LHOFS Models,datasetScan,/modeldata3/published/operational-nowcast-and-forecast-hydrodynamic-model-systems-co-ops/access/lake-huron-operational-forecast-system-lhofs/,model-lhofs-files,LHOFS/MODELS,model/model.xml,10.254.11.33:/export/opsnas102-data2,False
tds-model01-test.ncei.noaa.gov,model/lmhofs_catalog.xml,LMHOFS Models,datasetScan,/modeldata3/published/operational-nowcast-and-forecast-hydrodynamic-model-systems-co-ops/access/lake-michigan-and-huron-operational-forecast-system-lmhofs,model-lmhofs-files,LMHOFS/MODELS,model/model.xml,10.254.11.33:/export/opsnas102-data2,False
tds-model01-test.ncei.noaa.gov,model/lmofs_catalog.xml,LMOFS Models,datasetScan,/modeldata3/published/operational-nowcast-and-forecast-hydrodynamic-model-systems-co-ops/access/lake-michigan-operational-forecast-system-lmofs/,model-lmofs-files,LMOFS/MODELS,model/model.xml,10.254.11.33:/export/opsnas102-data2,False
tds-model01-test.ncei.noaa.gov,model/loofs_catalog.xml,LOOFS Models,datasetScan,/modeldata3/published/operational-nowcast-and-forecast-hydrodynamic-model-systems-co-ops/access/lake-ontario-operational-forecast-system-loofs,model-loofs-files,LOOFS/MODELS,model/model.xml,10.254.11.33:/export/opsnas102-data2,False
tds-model01-test.ncei.noaa.gov,model/lsofs_catalog.xml,LSOFS Models,datasetScan,/modeldata3/published/operational-nowcast-and-forecast-hydrodynamic-model-systems-co-ops/access/lake-superior-operational-forecast-system-lsofs/,model-lsofs-files,LSOFS/MODELS,model/model.xml,10.254.11.33:/export/opsnas102-data2,False
tds-model01-test.ncei.noaa.gov,model/model.xml,,,,,,catalog.xml,,
tds-model01-test.ncei.noaa.gov,model/nam.xml,NAM218 - Near Real-Time,datasetScan,/modeldata3/published/north-american-mesoscale-model/access/forecast,model-nam218,,model/model.xml,10.254.11.33:/export/opsnas102-data2,False
tds-model01-test.ncei.noaa.gov,model/nam.xml,NAM218 -  Historical,datasetScan,/san5303/nexus/nam,model-nam218-old,,model/model.xml,10.254.102.132:/mnt/HL2-P2/san5303,False
tds-model01-test.ncei.noaa.gov,model/nam.xml,NAM Grid 218 - Analysis Only File Units,datasetScan,/modeldata3/published/north-american-mesoscale-model/access/analysis,model-namanl,,model/model.xml,10.254.11.33:/export/opsnas102-data2,False
tds-model01-test.ncei.noaa.gov,model/nam.xml,"NAM Grid 218 - Analysis Only File Units, Historical",datasetScan,/san5302/nexus/namanl,model-namanl-old,,model/model.xml,10.254.102.132:/mnt/HL2-P1/san5302,False
tds-model01-test.ncei.noaa.gov,model/narr.xml,NARR-A - 3 Hour - File Units,datasetScan,/san5102/nexus/narr,model-narr-a-files,,model/model.xml,10.254.102.132:/mnt/HL2-P1/san5102,False
tds-model01-test.ncei.noaa.gov,model/narr.xml,NARR-A Monthly Means from Climate Diagnostics Center - File Units,datasetScan,/san5102/nexus/narrmon,model-narrmon-a-files,,model/model.xml,10.254.102.132:/mnt/HL2-P1/san5102,False
tds-model01-test.ncei.noaa.gov,model/narr.xml,NARR-A Monthly Means by 3h Period from Climate Diagnostics Center - File Units,datasetScan,/san5102/nexus/narrmon,model-narrmonhr-a-files,,model/model.xml,10.254.102.132:/mnt/HL2-P1/san5102,False
tds-model01-test.ncei.noaa.gov,model/narr.xml,NARR-B - 3 Hour - File Units,datasetScan,/san5102/nexus/narr,model-narr-b-files,,model/model.xml,10.254.102.132:/mnt/HL2-P1/san5102,False
tds-model01-test.ncei.noaa.gov,model/narr.xml,NARR-B Monthly Means from Climate Diagnostics Center - File Units,datasetScan,/san5102/nexus/narrmon,model-narrmon-b-files,,model/model.xml,10.254.102.132:/mnt/HL2-P1/san5102,False
tds-model01-test.ncei.noaa.gov,model/narr.xml,NARR-B Monthly Means by 3h Period from Climate Diagnostics Center - File Units,datasetScan,/san5102/nexus/narrmon,model-narrmonhr-b-files,,model/model.xml,10.254.102.132:/mnt/HL2-P1/san5102,False
tds-model01-test.ncei.noaa.gov,model/ndfd.xml,NDFD - National Digital Forecast Database - File Access,datasetScan,/modeldata3/published/national-digital-forecast-database/access,model-ndfd-file,NDFD,model/model.xml,10.254.11.33:/export/opsnas102-data2,False
tds-model01-test.ncei.noaa.gov,model/ndfd.xml,NDFD - National Digital Forecast Database - Historical File Access,datasetScan,/san5303/nexus/ndfd,model-ndfd-file-old,NDFD-OLD,model/model.xml,10.254.102.132:/mnt/HL2-P2/san5303,False
tds-model01-test.ncei.noaa.gov,model/ndfd.xml,NDFD - File Access for Core NDFD (Center Code: KWBN) Data With Human-Readable Names,datasetScan,/modeldata3/published/national-digital-forecast-database/access,model-ndfd-file_kwbn,NDFD_kwbn,model/model.xml,10.254.11.33:/export/opsnas102-data2,False
tds-model01-test.ncei.noaa.gov,model/ndfd.xml,NDFD - Historical File Access for Core NDFD (Center Code: KWBN) Data With Human-Readable Names,datasetScan,/san5303/nexus/ndfd,model-ndfd-file_kwbn-old,NDFD_kwbn-old,model/model.xml,10.254.102.132:/mnt/HL2-P2/san5303,False
tds-model01-test.ncei.noaa.gov,model/ndfd.xml,NDFD - File Access for National Hurricane Center (Center Code: KNHC) Data With Human-Readable Names,datasetScan,/modeldata3/published/national-digital-forecast-database/access,model-ndfd-file_knhc,NDFD_knhc,model/model.xml,10.254.11.33:/export/opsnas102-data2,False
tds-model01-test.ncei.noaa.gov,model/ndfd.xml,NDFD - Historical File Access for National Hurricane Center (Center Code: KNHC) Data With Human-Readable Names,datasetScan,/san5303/nexus/ndfd,model-ndfd-file_knhc-old,NDFD_knhc-old,model/model.xml,10.254.102.132:/mnt/HL2-P2/san5303,False
tds-model01-test.ncei.noaa.gov,model/ndfd.xml,NDFD - File Access for Storm Prediction Center (Center Code: KWNS) Data With Human-Readable Names,datasetScan,/modeldata3/published/national-digital-forecast-database/access,model-ndfd-file_kwns,NDFD_kwns,model/model.xml,10.254.11.33:/export/opsnas102-data2,False
tds-model01-test.ncei.noaa.gov,model/ndfd.xml,NDFD - Historical File Access for Storm Prediction Center (Center Code: KWNS) Data With Human-Readable Names,datasetScan,/san5303/nexus/ndfd,model-ndfd-file_kwns-old,NDFD_kwns-old,model/model.xml,10.254.102.132:/mnt/HL2-P2/san5303,False
tds-model01-test.ncei.noaa.gov,model/ndfd.xml,NDFD - File Access for Climate Prediction Center (Center Code: KWNC) Data With Human-Readable Names,datasetScan,/modeldata3/published/national-digital-forecast-database/access,model-ndfd-file_kwnc,NDFD_kwnc,model/model.xml,10.254.11.33:/export/opsnas102-data2,False
tds-model01-test.ncei.noaa.gov,model/ndfd.xml,NDFD - Historical File Access for Climate Prediction Center (Center Code: KWNC) Data With Human-Readable Names,datasetScan,/san5303/nexus/ndfd,model-ndfd-file_kwnc-old,NDFD_kwnc-old,model/model.xml,10.254.102.132:/mnt/HL2-P2/san5303,False
tds-model01-test.ncei.noaa.gov,model/ndgd.xml,NDGD - National Digital Guidance Database (file listing),datasetScan,/modeldata3/published/national-digital-guidance-database/access,model-ndgd-file,NDGD,model/model.xml,10.254.11.33:/export/opsnas102-data2,False
tds-model01-test.ncei.noaa.gov,model/ndgd.xml,"NDGD - National Digital Guidance Database (file listing, historical)",datasetScan,/san5303/nexus/ndgd,model-ndgd-file-old,NDGD-OLD,model/model.xml,10.254.102.132:/mnt/HL2-P2/san5303,False
tds-model01-test.ncei.noaa.gov,model/ndgd.xml,NDGD - National Digital Guidance Database Core Files (Center Code: KWBR),datasetScan,/modeldata3/published/national-digital-guidance-database/access,model-ndgd-file_kwbr,NDGD_KWBR,model/model.xml,10.254.11.33:/export/opsnas102-data2,False
tds-model01-test.ncei.noaa.gov,model/ndgd.xml,"NDGD - National Digital Guidance Database Core Files, Historical (Center Code: KWBR)",datasetScan,/san5303/nexus/ndgd,model-ndgd-file_kwbr-old,NDGD_KWBR-old,model/model.xml,10.254.102.132:/mnt/HL2-P2/san5303,False
tds-model01-test.ncei.noaa.gov,model/ndgd.xml,NDGD - National Digital Guidance Database Air Quality (Center Code: KWBP),datasetScan,/modeldata3/published/national-digital-guidance-database/access,model-ndgd-file_kwbp,NDGD_KWBP,model/model.xml,10.254.11.33:/export/opsnas102-data2,False
tds-model01-test.ncei.noaa.gov,model/ndgd.xml,"NDGD - National Digital Guidance Database Air Quality, Historical (Center Code: KWBP)",datasetScan,/san5303/nexus/ndgd,model-ndgd-file_kwbp-old,NDGD_KWBP-old,model/model.xml,10.254.102.132:/mnt/HL2-P2/san5303,False
tds-model01-test.ncei.noaa.gov,model/ndgd.xml,NDGD - National Digital Guidance Database National Hurricane Center (Center Code: KNHC),datasetScan,/modeldata3/published/national-digital-guidance-database/access,model-ndgd-file_knhc,NDGD_KNHC,model/model.xml,10.254.11.33:/export/opsnas102-data2,False
tds-model01-test.ncei.noaa.gov,model/ndgd.xml,"NDGD - National Digital Guidance Database National Hurricane Center, Historical (Center Code: KNHC)",datasetScan,/san5303/nexus/ndgd,model-ndgd-file_knhc-old,NDGD_KNHC-old,model/model.xml,10.254.102.132:/mnt/HL2-P2/san5303,False
tds-model01-test.ncei.noaa.gov,model/ndgd.xml,NDGD - National Digital Guidance Database Climate Prediction Center (Center Code: KWNC),datasetScan,/modeldata3/published/national-digital-guidance-database/access,model-ndgd-file_kwnc,NDGD_KWNC,model/model.xml,10.254.11.33:/export/opsnas102-data2,False
tds-model01-test.ncei.noaa.gov,model/ndgd.xml,"NDGD - National Digital Guidance Database Climate Prediction Center, Historical (Center Code: KWNC)",datasetScan,/san5303/nexus/ndgd,model-ndgd-file_kwnc-old,NDGD_KWNC-old,model/model.xml,10.254.102.132:/mnt/HL2-P2/san5303,False
tds-model01-test.ncei.noaa.gov,model/ndgd.xml,NDGD - National Digital Guidance (Center Code: KWBG),datasetScan,/modeldata3/published/national-digital-guidance-database/access,model-ndgd-file_kwbg,NDGD_KWBG,model/model.xml,10.254.11.33:/export/opsnas102-data2,False
tds-model01-test.ncei.noaa.gov,model/negofs_catalog.xml,NEGOFS Models,datasetScan,/modeldata3/published/operational-nowcast-and-forecast-hydrodynamic-model-systems-co-ops/access/northeast-gulf-of-mexico-operational-forecast-system-negofs/,model-negofs-files,NOAA/NEGOFS/MODELS,model/model.xml,10.254.11.33:/export/opsnas102-data2,False
tds-model01-test.ncei.noaa.gov,model/ngofs2_catalog.xml,NGOFS2 Models,datasetScan,/modeldata3/published/operational-nowcast-and-forecast-hydrodynamic-model-systems-co-ops/access/northern-gulf-of-mexico-2-operational-forecast-system-ngofs2/,model-ngofs2-files,NOAA/NGOFS2/MODELS,model/model.xml,10.254.11.33:/export/opsnas102-data2,False
tds-model01-test.ncei.noaa.gov,model/ngofs_catalog.xml,NGOFS Models,datasetScan,/modeldata3/published/operational-nowcast-and-forecast-hydrodynamic-model-systems-co-ops/access/northern-gulf-of-mexico-operational-forecast-system-ngofs/,model-ngofs-files,NOAA/NGOFS/MODELS,model/model.xml,10.254.11.33:/export/opsnas102-data2,False
tds-model01-test.ncei.noaa.gov,model/nmme.xml,,,,,,model/model.xml,,
tds-model01-test.ncei.noaa.gov,model/nnr2.xml,NCEP/NCAR Reanalysis II (NNR2) 6-hour - File Units,datasetScan,/san5102/nexus/reanalysis-2/6hr/,model-nnr2-6h-files,,model/model.xml,10.254.102.132:/mnt/HL2-P1/san5102,False
tds-model01-test.ncei.noaa.gov,model/nnr2.xml,NCEP/NCAR Reanalysis II (NNR2) montly - File Units,datasetScan,/san5102/nexus/reanalysis-2/month/,model-nnr2-month-files,,model/model.xml,10.254.102.132:/mnt/HL2-P1/san5102,False
tds-model01-test.ncei.noaa.gov,model/nwgofs_catalog.xml,NWGOFS Models,datasetScan,/modeldata3/published/operational-nowcast-and-forecast-hydrodynamic-model-systems-co-ops/access/northwest-gulf-of-mexico-operational-forecast-system-nwgofs/,model-nwgofs-files,NOAA/NWGOFS/MODELS,model/model.xml,10.254.11.33:/export/opsnas102-data2,False
tds-model01-test.ncei.noaa.gov,model/nyofs_catalog.xml,NYOFS Models,datasetScan,/modeldata3/published/operational-nowcast-and-forecast-hydrodynamic-model-systems-co-ops/access/port-of-new-york-and-new-jersey-operational-forecast-system-nyofs/,model-nyofs-files,NYOFS/MODELS,model/model.xml,10.254.11.33:/export/opsnas102-data2,False
tds-model01-test.ncei.noaa.gov,model/paleo.xml,Drought Reconstructions,datasetScan,/san5102/nexus/paleo/ngdc,model-paleo-pdsi,paleo-pdsi,model/model.xml,10.254.102.132:/mnt/HL2-P1/san5102,False
tds-model01-test.ncei.noaa.gov,model/paleo.xml,Paleoclimate Model Intercomparision Project,datasetScan,/san5102/nexus/paleo/PMIP,model-paleo-pmip,paleo-pmip,model/model.xml,10.254.102.132:/mnt/HL2-P1/san5102,False
tds-model01-test.ncei.noaa.gov,model/paleo.xml,Paleoclimate Reconstructions of Last 2 Millennia,datasetScan,/san5102/nexus/paleo/Last2Millennia/Reconstructions,model-paleo-2m-recon,paleo-2m-recon,model/model.xml,10.254.102.132:/mnt/HL2-P1/san5102,False
tds-model01-test.ncei.noaa.gov,model/paleo.xml,Abrupt Climate Change,datasetScan,/san5102/nexus/paleo/AbruptChange,model-paleo-abrupt-climate-change,paleo-abrupt-climate-change,model/model.xml,10.254.102.132:/mnt/HL2-P1/san5102,False
tds-model01-test.ncei.noaa.gov,model/rucrap.xml,Rapid Refresh - 13km CONUS - file units,datasetScan,/modeldata3/published/rapid-refresh/access/rap-130-13km/forecast/,model-rap130,rap130,model/model.xml,10.254.11.33:/export/opsnas102-data2,False
tds-model01-test.ncei.noaa.gov,model/rucrap.xml,Rapid Refresh - 13km CONUS - historical file units,datasetScan,/san5303/nexus/ruc13,model-rap130-old,rap130-old,model/model.xml,10.254.102.132:/mnt/HL2-P2/san5303,False
tds-model01-test.ncei.noaa.gov,model/rucrap.xml,Rapid Refresh - 20KM CONUS - file units,datasetScan,/modeldata3/published/rapid-refresh/access/rap-252-20km/forecast/,model-rap252,rap252,model/model.xml,10.254.11.33:/export/opsnas102-data2,False
tds-model01-test.ncei.noaa.gov,model/rucrap.xml,Rapid Refresh - 20KM CONUS - historical file units,datasetScan,/san5303/nexus/ruc,model-rap252-old,rap252-old,model/model.xml,10.254.102.132:/mnt/HL2-P2/san5303,False
tds-model01-test.ncei.noaa.gov,model/rucrap.xml,Rapid Refresh Analysis Collection - 13km CONUS - file units,datasetScan,/modeldata3/published/rapid-refresh/access/rap-130-13km/analysis/,model-rap130anl,rap130anl,model/model.xml,10.254.11.33:/export/opsnas102-data2,False
tds-model01-test.ncei.noaa.gov,model/rucrap.xml,Rapid Refresh Analysis Collection - 13km CONUS - historical file units,datasetScan,/san5302/nexus/rucanl,model-rap130anl-old,rap130anl-old,model/model.xml,10.254.102.132:/mnt/HL2-P1/san5302,False
tds-model01-test.ncei.noaa.gov,model/rucrap.xml,Rapid Refresh Analysis Collection - 20km CONUS - file units,datasetScan,/modeldata3/published/rapid-refresh/access/rap-252-20km/analysis/,model-rap252anl,rap252anl,model/model.xml,10.254.11.33:/export/opsnas102-data2,False
tds-model01-test.ncei.noaa.gov,model/rucrap.xml,Rapid Refresh Analysis Collection - 20km CONUS - historical file units,datasetScan,/san5302/nexus/rucanl,model-rap252anl-old,rap252anl-old,model/model.xml,10.254.102.132:/mnt/HL2-P1/san5302,False
tds-model01-test.ncei.noaa.gov,model/rucrap.xml,Rapid Update Cycle Analysis Collection - 20km CONUS - file units,datasetScan,/san5302/nexus/rucanl,model-ruc252anl,ruc252anl,model/model.xml,10.254.102.132:/mnt/HL2-P1/san5302,False
tds-model01-test.ncei.noaa.gov,model/rucrap.xml,Rapid Update Cycle Analysis Collection - 13km CONUS - file units,datasetScan,/san5302/nexus/rucanl,model-ruc130anl,ruc130anl,model/model.xml,10.254.102.132:/mnt/HL2-P1/san5302,False
tds-model01-test.ncei.noaa.gov,model/sfbofs_catalog.xml,SFBOFS Models,datasetScan,/modeldata3/published/operational-nowcast-and-forecast-hydrodynamic-model-systems-co-ops/access/san-francisco-bay-operational-forecast-system-sfbofs/,model-sfbofs-files,NOAA/SFBOFS/MODELS,model/model.xml,10.254.11.33:/export/opsnas102-data2,False
tds-model01-test.ncei.noaa.gov,model/sjrofs_catalog.xml,SJROFS Models,datasetScan,/modeldata3/published/operational-nowcast-and-forecast-hydrodynamic-model-systems-co-ops/access/st-johns-river-operational-forecast-system-sjrofs/,model-sjrofs-files,SJROFS/MODELS,model/model.xml,10.254.11.33:/export/opsnas102-data2,False
tds-model01-test.ncei.noaa.gov,model/srrs.xml,SRRS - NWS Service Records Retention System (GRIB Products),datasetScan,/san5303/nexus/srrs/data,model-srrs-grib,SRRS-GRIB,model/model.xml,10.254.102.132:/mnt/HL2-P2/san5303,False
tds-model01-test.ncei.noaa.gov,model/tbofs_catalog.xml,TBOFS Models,datasetScan,/modeldata3/published/operational-nowcast-and-forecast-hydrodynamic-model-systems-co-ops/access/tampa-bay-operational-forecast-system-tbofs/,model-tbofs-files,TBOFS/MODELS,model/model.xml,10.254.11.33:/export/opsnas102-data2,False
tds-model01-test.ncei.noaa.gov,model/wcofs_catalog.xml,WCOFS Models,datasetScan,/modeldata3/published/operational-nowcast-and-forecast-hydrodynamic-model-systems-co-ops/access/west-coast-operational-forecast-system-wcofs/,model-wcofs-files,NOAA/WCOFS/MODELS,model/model.xml,10.254.11.33:/export/opsnas102-data2,False
tds-model01-test.ncei.noaa.gov,model/wcrp-cmip3.xml,,,,,,model/model.xml,,
tds-model01-test.ncei.noaa.gov,stub.xml,,,,,,catalog.xml,,
tds01-prod.ncei.noaa.gov-old,blended-global/blended-global.xml,,,,,,catalog.xml,,
tds01-prod.ncei.noaa.gov-old,blended-global/gcag.xml,Global Climate at a Glance:  File access,datasetScan,/datasets/published/climate-at-a-glance/access,gcag,gcag,blended-global/blended-global.xml,10.254.103.67:/NFS06/datasets/published-prod,False
tds01-prod.ncei.noaa.gov-old,blended-global/gcag.xml,NOAA Global Surface Temperature V5: File Access,datasetScan,/datasets/published/noaa-global-surface-temperature/v5/access/gridded,noaa-global-temp-v5,noaa-global-temp-v5,blended-global/blended-global.xml,10.254.103.67:/NFS06/datasets/published-prod,False
tds01-prod.ncei.noaa.gov-old,blended-global/gcag.xml,NOAA Global Surface Temperature V5.1: File Access,datasetScan,/datasets/published/noaa-global-surface-temperature/v5.1/access/gridded,noaa-global-temp-v5.1,noaa-global-temp-v5,blended-global/blended-global.xml,10.254.103.67:/NFS06/datasets/published-prod,False
tds01-prod.ncei.noaa.gov-old,blended-global/oceanWinds.xml,Files,datasetScan,/datasets/published/blended-global-sea-surface-wind-products/access/nrt/stress,uv/strs,Blended Ocean Winds - Stress,blended-global/blended-global.xml,10.254.103.67:/NFS06/datasets/published-prod,False
tds01-prod.ncei.noaa.gov-old,blended-global/oceanWinds.xml,Files,datasetScan,/datasets/published/blended-global-sea-surface-wind-products/access/nrt/wind,uv/winds,Blended Ocean Winds,blended-global/blended-global.xml,10.254.103.67:/NFS06/datasets/published-prod,False
tds01-prod.ncei.noaa.gov-old,blended-global/oceanWinds.xml,Files,datasetScan,/datasets/published/blended-global-sea-surface-wind-products/access/reprocessed/stress,uv/reprocessed_strs,Reprocessed Blended Ocean Winds - Stress,blended-global/blended-global.xml,10.254.103.67:/NFS06/datasets/published-prod,False
tds01-prod.ncei.noaa.gov-old,blended-global/oceanWinds.xml,Files,datasetScan,/datasets/published/blended-global-sea-surface-wind-products/access/reprocessed/wind,uv/reprocessed_winds,Blended Ocean Winds,blended-global/blended-global.xml,10.254.103.67:/NFS06/datasets/published-prod,False
tds01-prod.ncei.noaa.gov-old,blended-global/oceanWinds.xml,Files,datasetScan,/datasets/published/blended-global-sea-surface-wind-products/access/climatology,uv/clm,Blended Ocean Winds - Climatology Files,blended-global/blended-global.xml,10.254.103.67:/NFS06/datasets/published-prod,False
tds01-prod.ncei.noaa.gov-old,blended-global/oisst-catalog.xml,,datasetRoot,/datasets/published/,OisstBase,,marine-ocean/marine-ocean.xml,10.254.103.67:/NFS06/datasets/published-prod,False
tds01-prod.ncei.noaa.gov-old,blended-global/oisst-catalog.xml,OISST-V2-AVHRR-Daily Files,datasetScan,/datasets/published/sea-surface-temperature-optimum-interpolation/v2/access/avhrr-only,OisstBase/NetCDF/V2.0/AVHRR,OISST-V2-AVHRR-Daily,marine-ocean/marine-ocean.xml,10.254.103.67:/NFS06/datasets/published-prod,False
tds01-prod.ncei.noaa.gov-old,blended-global/oisst-catalog.xml,OISST-V2-AVHRR-AMSR-Daily Files,datasetScan,/datasets/published/sea-surface-temperature-optimum-interpolation/v2/access/amsr-avhrr,OisstBase/NetCDF/V2.0/AVHRR-AMSR,OISST-V2-AVHRR-AMSR-Daily,marine-ocean/marine-ocean.xml,10.254.103.67:/NFS06/datasets/published-prod,False
tds01-prod.ncei.noaa.gov-old,blended-global/oisst-catalog.xml,OISST-V2.1-AVHRR-Daily Files,datasetScan,/datasets/published/sea-surface-temperature-optimum-interpolation/v2.1/access/avhrr,OisstBase/NetCDF/V2.1/AVHRR,OISST-V2.1-AVHRR-Daily,marine-ocean/marine-ocean.xml,10.254.103.67:/NFS06/datasets/published-prod,False
tds01-prod.ncei.noaa.gov-old,data-in-development/data-in-development.xml,Soil Moisture Change,datasetScan,Path does not exist on server: /mnt/san2/nidis,smc,smc,catalog.xml,,False
tds01-prod.ncei.noaa.gov-old,data-in-development/data-in-development.xml,NClimGrid,datasetScan,/datasets/published/nclimgrid-monthly/access/,data-in-development/nclimgrid,,catalog.xml,10.254.103.67:/NFS06/datasets/published-prod,False
tds01-prod.ncei.noaa.gov-old,data-in-development/data-in-development.xml,Climate area grid masks (nclimgrid),datasetScan,/datasets/published/gridmasks,did/nclimgrid,,catalog.xml,10.254.103.67:/NFS06/datasets/published-prod,False
tds01-prod.ncei.noaa.gov-old,data-in-development/data-in-development.xml,Files,datasetScan,/datasets/published/nws-quantitative-precipitation-estimates/access,did/nws-qpe,,catalog.xml,10.254.103.67:/NFS06/datasets/published-prod,False
tds01-prod.ncei.noaa.gov-old,in_situ/aerosols-esrl-gmd.xml,ESRL-GMD Long-Term Surface Aerosol Measurements File Access,datasetScan,/datasets/published/aerosols-esrl-gmd/access,aerosols-esrl-gmd,aerosols-esrl-gmd,in_situ/in_situ.xml,10.254.103.67:/NFS06/datasets/published-prod,False
tds01-prod.ncei.noaa.gov-old,in_situ/in_situ.xml,,,,,,catalog.xml,,
tds01-prod.ncei.noaa.gov-old,in_situ/nclimgrid-daily-auxiliary.xml,Auxiliary Observation Counts for U.S. Daily Gridded Fields (nClimGrid-Daily Auxiliary),datasetScan,/datasets/published/nclimgrid-daily-auxiliary/access/,nclimgrid-daily-auxiliary,nclimgrid-daily-auxiliary,in_situ/in_situ.xml,10.254.103.67:/NFS06/datasets/published-prod,False
tds01-prod.ncei.noaa.gov-old,in_situ/nclimgrid-daily.xml,U.S. Daily Gridded Fields (nClimGrid-Daily),datasetScan,/datasets/published/nclimgrid-daily/access/grids,nclimgrid-daily,nclimgrid-daily,in_situ/in_situ.xml,10.254.103.67:/NFS06/datasets/published-prod,False
tds01-prod.ncei.noaa.gov-old,marine-ocean/ersst.xml,ERSST - Extended Reconstructed Sea Surface Temperatures version 5,datasetScan,/datasets/published/sea-surface-temperature-extended-reconstructed/access,ersst,gov.noaa.ncdc:C00833_ersstv5,marine-ocean/marine-ocean.xml,10.254.103.67:/NFS06/datasets/published-prod,False
tds01-prod.ncei.noaa.gov-old,marine-ocean/icoads_v3.xml,ICOADS Version 3.0 NetCDF File Access,datasetScan,/datasets/published/international-comprehensive-ocean-atmosphere/v3/archive/nrt,international-comprehensive-ocean-atmosphere-dataset-icoads,icoads,in_situ/in_situ.xml,10.254.103.67:/NFS06/datasets/published-prod,False
tds01-prod.ncei.noaa.gov-old,marine-ocean/marine-ocean.xml,,,,,,catalog.xml,,
tds01-prod.ncei.noaa.gov-old,model/model.xml,,,,,,catalog.xml,,
tds01-prod.ncei.noaa.gov-old,satellite/cdr.xml,Ocean Heat Fluxes,datasetScan,/var/lib/tomcat/content/thredds/ncml_and_links/cdr/ocean-heat-fluxes,cdr/ocean-heat-fluxes,,satellite/satellite.xml,/dev/mapper/vg_system-lv_var,False
tds01-prod.ncei.noaa.gov-old,satellite/cdr.xml,Ocean Near-surface Atmospheric Properties,datasetScan,/var/lib/tomcat/content/thredds/ncml_and_links/cdr/ocean-atmos-props,cdr/ocean-atmos-props,,satellite/satellite.xml,/dev/mapper/vg_system-lv_var,False
tds01-prod.ncei.noaa.gov-old,satellite/cdr.xml,Ozone - Zonal Mean Binary Database of Profiles,datasetScan,/datasets/published/ozone-concentration-esrl/access,cdr/ozone-zonal-mean-esrl,,satellite/satellite.xml,10.254.103.67:/NFS06/datasets/published-prod,False
tds01-prod.ncei.noaa.gov-old,satellite/cdr.xml,Sea Ice Concentration: File Access,datasetScan,/datasets/published/sea-ice-concentration/access,cdr/sea-ice-concentration,,satellite/satellite.xml,10.254.103.67:/NFS06/datasets/published-prod,False
tds01-prod.ncei.noaa.gov-old,satellite/cdr.xml,Snow Cover Extent (Northern Hemisphere),datasetScan,/datasets/published/snow-cover-extent/access,cdr/snowcover,,satellite/satellite.xml,10.254.103.67:/NFS06/datasets/published-prod,False
tds01-prod.ncei.noaa.gov-old,satellite/gridsat_goes.xml,Gridsat GOES Full-Disk Files,datasetScan,/datasets/published/gridsat-goes/access/goes,satellite/gridsat-goes-full-disk,gridsat_goes_full_disk,satellite/satellite.xml,10.254.103.67:/NFS06/datasets/gg,False
tds01-prod.ncei.noaa.gov-old,satellite/gridsat_goes.xml,Gridsat GOES Continental US Files,datasetScan,/datasets/published/gridsat-goes/access/conus,satellite/gridsat-goes-conus,gridsat_goes_conus,satellite/satellite.xml,10.254.103.67:/NFS06/datasets/gg,False
tds01-prod.ncei.noaa.gov-old,satellite/landcover.xml,Historical Land-Cover Change and Land-Use Conversions Global Dataset: Files,datasetScan,/datasets/published/landcover/access,sat/landcover,,satellite/satellite.xml,10.254.103.67:/NFS06/datasets/published-prod,False
tds01-prod.ncei.noaa.gov-old,satellite/mean-layer-temp-noaa.xml,Mean Layer Temperature - NOAA/NESDIS: File access,datasetScan,/datasets/published/mean-layer-temperature-noaa/access,satellite/mean-layer-temperature-noaa,mean-layer-temp-noaa,satellite/satellite.xml,10.254.103.67:/NFS06/datasets/published-prod,False
tds01-prod.ncei.noaa.gov-old,satellite/msu_brt_tmp.xml,NOAA Microwave Sounding Unit - Brightness Temperature: File access,datasetScan,/datasets/published/msu-brightness-temperature-noaa/access,satellite/msu-brightness-temperature-noaa,msu-brightness-temperature-noaa,satellite/satellite.xml,10.254.103.67:/NFS06/datasets/published-prod,False
tds01-prod.ncei.noaa.gov-old,satellite/poes.xml,POES - NOAA Polar Orbiting Satellite - Global Visible and Infrared Band Data from ESSA: File access,datasetScan,/datasets/published/poes-essa-noaa-satellite-imagery/access,satellite/poes,poes,satellite/satellite.xml,10.254.103.67:/NFS06/datasets/published-prod,False
tds01-prod.ncei.noaa.gov-old,satellite/satellite.xml,,,,,,catalog.xml,,
tds01-prod.ncei.noaa.gov-old,satellite/ssmi-hydro.xml,SSMI-Hydro files,datasetScan,/datasets/published/ssmi-ssmis-hydrological-products/access/netcdf,satellite/ssmi-hydro,,satellite/satellite.xml,10.254.103.67:/NFS06/datasets/published-prod,False
tds01-prod.ncei.noaa.gov-old,satellite/tc-primed.xml,TC-PRIMED: File access,datasetScan,/datasets/published/tropical-cyclone-precipitation-infrared-microwave-environmental-dataset/access,satellite/tc-primed,tc-primed,satellite/satellite.xml,10.254.103.67:/NFS06/datasets/published-prod,False
tds-coastal01-test.ncei.noaa.gov,USM_DAP/catalog_aggs.xml,,,,,,catalog_USM_DAP.xml,,
tds-coastal01-test.ncei.noaa.gov,USM_DAP/catalog_data.xml,,,,,,catalog_USM_DAP.xml,,
tds-coastal01-test.ncei.noaa.gov,catalog_USM_DAP.xml,,,,,,catalog.xml,,
tds-coastal01-test.ncei.noaa.gov,catalog_aec_climo.xml,AEC Model,datasetScan,/mnt/thredds-data/aec/aec_model_climo/,aec_model,AEC_model,catalog.xml,10.254.102.74:/NFS04/msthredds/data,False
tds-coastal01-test.ncei.noaa.gov,catalog_aec_climo.xml,AEC Satellite,datasetScan,/mnt/thredds-data/aec/aec_sat_climo/,aec_sat,AEC_sat,catalog.xml,10.254.102.74:/NFS04/msthredds/data,False
tds-coastal01-test.ncei.noaa.gov,catalog_dwh.xml,DWH CTD,datasetScan,/mnt/thredds-data/dwh/ctd,dwh/ctd,dwh_ctd,catalog.xml,10.254.102.74:/NFS04/msthredds/data,False
tds-coastal01-test.ncei.noaa.gov,catalog_navo_glider.xml,NAVOCEANO_GLIDER,datasetScan,/mnt/thredds-data/navoceano_glider/,navoceano_glider,navoceano_glider,catalog.xml,10.254.102.74:/NFS04/msthredds/data,False
tds-coastal01-test.ncei.noaa.gov,catalog_northwest_fisheries.xml,Northwest Fisheries,datasetScan,/mnt/thredds-data/northwest_fisheries/,northwest_fisheries,NORTHWEST_FISHERIES,catalog.xml,10.254.102.74:/NFS04/msthredds/data,False
tds-coastal01-test.ncei.noaa.gov,catalog_oceanNomads.xml,,,,,,catalog.xml,,
tds-coastal01-test.ncei.noaa.gov,catalog_ocean_exploration_research.xml,Ocean Exploration Research,datasetScan,/mnt/thredds-data/ocean_exploration_research/,ocean_exploration_research,ocean_exploration_research,catalog.xml,10.254.102.74:/NFS04/msthredds/data,False
tds-coastal01-test.ncei.noaa.gov,oceanNomads/catalog_aggs.xml,,,,,,catalog_oceanNomads.xml,,
tds-coastal01-test.ncei.noaa.gov,oceanNomads/catalog_data.xml,,,,,,catalog_oceanNomads.xml,,
tds-ams01-dev.ncei.noaa.gov,regional_climatologies.xml,Arctic Seas,datasetScan,/nodc/web/data.nodc/htdocs/ncei/archive/data/0115771,regional-climatologies/arctic-seas,,catalog.xml,10.254.115.91:/x/pub/archive/arc0081,False
tds-ams01-dev.ncei.noaa.gov,regional_climatologies.xml,East Asian Seas,datasetScan,/nodc/web/data.nodc/htdocs/ncei/archive/data/0123300,regional-climatologies/east-asian-seas,,catalog.xml,10.254.115.91:/x/pub/archive/arc0074,False
tds-ams01-dev.ncei.noaa.gov,regional_climatologies.xml,Greenland/Iceland/Norwegian Seas,datasetScan,/nodc/web/data.nodc/htdocs/ncei/archive/data/0170742,regional-climatologies/greenland-iceland-seas,,catalog.xml,10.254.115.91:/x/pub/archive/arc0119,False
tds-ams01-dev.ncei.noaa.gov,regional_climatologies.xml,Gulf of Mexico,datasetScan,/nodc/web/woa.data.nodc/REGCLIM/GULFv2,regional-climatologies/gulf-of-mexico,,catalog.xml,10.254.115.91:/x/web/nodc/data/data.nodc/woa,False
tds-ams01-dev.ncei.noaa.gov,regional_climatologies.xml,Nordic Seas and North North Atlantic,datasetScan,/nodc/web/data.nodc/htdocs/ncei/archive/data/0118478,regional-climatologies/nordic-and-north-atlantic,,catalog.xml,10.254.115.91:/x/pub/archive/arc0066,False
tds-ams01-dev.ncei.noaa.gov,regional_climatologies.xml,Northwest Atlantic,datasetScan,Path does not exist on server: /nodc/web/data.nodc/htdocs/ncei/archive/data/0155889,regional-climatologies/northwest-atlantic,,catalog.xml,,False
tds-ams01-dev.ncei.noaa.gov,regional_climatologies.xml,Southwest North Atlantic,datasetScan,Path does not exist on server: /nodc/web/data.nodc/htdocs/ncei/archive/data/0201696/,regional-climatologies/southwest-north-atlantic,,catalog.xml,,False
tds-ams01-dev.ncei.noaa.gov,regional_climatologies.xml,Northern North Pacific,datasetScan,/nodc/web/data.nodc/htdocs/ncei/archive/data/0156768,regional-climatologies/northern-north-pacific,,catalog.xml,10.254.115.91:/x/pub/archive/arc0098,False
tds-ams01-dev.ncei.noaa.gov,regional_climatologies.xml,Northeast Pacific,datasetScan,/nodc/web/data.nodc/htdocs/ncei/archive/data/0163799,regional-climatologies/northeast-pacific,,catalog.xml,10.254.115.91:/x/pub/archive/arc0109,False
tds-ams01-test.ncei.noaa.gov,regional_climatologies.xml,Arctic Seas,datasetScan,Path does not exist on server: /nodc/web/data.nodc/htdocs/ncei/archive/data/0115771,regional-climatologies/arctic-seas,,catalog.xml,,False
tds-ams01-test.ncei.noaa.gov,regional_climatologies.xml,East Asian Seas,datasetScan,Path does not exist on server: /nodc/web/data.nodc/htdocs/ncei/archive/data/0123300,regional-climatologies/east-asian-seas,,catalog.xml,,False
tds-ams01-test.ncei.noaa.gov,regional_climatologies.xml,Greenland/Iceland/Norwegian Seas,datasetScan,Path does not exist on server: /nodc/web/data.nodc/htdocs/ncei/archive/data/0170742,regional-climatologies/greenland-iceland-seas,,catalog.xml,,False
tds-ams01-test.ncei.noaa.gov,regional_climatologies.xml,Gulf of Mexico,datasetScan,Path does not exist on server: /nodc/web/woa.data.nodc/REGCLIM/GULFv2,regional-climatologies/gulf-of-mexico,,catalog.xml,,False
tds-ams01-test.ncei.noaa.gov,regional_climatologies.xml,Nordic Seas and North North Atlantic,datasetScan,Path does not exist on server: /nodc/web/data.nodc/htdocs/ncei/archive/data/0118478,regional-climatologies/nordic-and-north-atlantic,,catalog.xml,,False
tds-ams01-test.ncei.noaa.gov,regional_climatologies.xml,Northwest Atlantic,datasetScan,Path does not exist on server: /nodc/web/data.nodc/htdocs/ncei/archive/data/0155889,regional-climatologies/northwest-atlantic,,catalog.xml,,False
tds-ams01-test.ncei.noaa.gov,regional_climatologies.xml,Southwest North Atlantic,datasetScan,Path does not exist on server: /nodc/web/data.nodc/htdocs/ncei/archive/data/0201696/,regional-climatologies/southwest-north-atlantic,,catalog.xml,,False
tds-ams01-test.ncei.noaa.gov,regional_climatologies.xml,Northern North Pacific,datasetScan,Path does not exist on server: /nodc/web/data.nodc/htdocs/ncei/archive/data/0156768,regional-climatologies/northern-north-pacific,,catalog.xml,,False
tds-ams01-test.ncei.noaa.gov,regional_climatologies.xml,Northeast Pacific,datasetScan,Path does not exist on server: /nodc/web/data.nodc/htdocs/ncei/archive/data/0163799,regional-climatologies/northeast-pacific,,catalog.xml,,False
